term,overlap_term
中低分化腺癌,"['中低分化腺癌伴印戒细胞癌,混合型', '(胃)中低分化腺癌,溃疡型', '(结肠)中低分化腺癌', '右半结肠溃疡型中低分化腺癌伴粘液腺癌', '中低分化腺癌(dukes叒c期', '回盲部中低分化腺癌,部分伴粘液腺癌分化', 'egj中低分化腺癌伴印戒细胞癌,混合型', '(左半结肠)中低分化腺癌', '盆腔中低分化腺癌', '胰头中低分化腺癌', '中低分化腺癌部分印戒,混合型']"
i度骨髓抑制,['ii度骨髓抑制']
宫颈中至低分化鳞状细胞癌,['(全子宫)宫颈中至低分化鳞状细胞癌']
浅表性胃炎,"['中度慢性浅表性胃炎', '轻度慢性浅表性胃炎', '浅表性胃炎伴糜烂', '慢性浅表性胃炎伴糜烂、胆汁返流', '慢性浅表性胃炎']"
粘液性囊腺癌,"['右卵巢粘液性囊腺癌ia期术后', '胰腺粘液性囊腺癌']"
食管溃疡型鳞状细胞癌ii级,"['(食管),:食管溃疡型鳞状细胞癌ii级']"
"中低分化腺癌伴印戒细胞癌,混合型","['egj中低分化腺癌伴印戒细胞癌,混合型']"
直肠腺癌,"['直肠腺癌(ct3nxm0)', '直肠腺癌(中、低度分化),隆起型', '直肠腺癌(中低度分化),部分呈粘液腺癌图像,浸润溃疡型', '直肠腺癌(中低度分化),浸润溃疡型', '直肠腺癌(pt2n0m0)', '直肠腺癌(中、低度分化),部分呈粘液腺癌分化,隆起型', '直肠腺癌肝转移', '直肠腺癌术后', '直肠腺癌(中度分化),浸润溃疡型']"
溃疡型低分化腺癌,"['胃体后壁溃疡型低分化腺癌伴印戒细胞癌', '溃疡型低分化腺癌,伴印戒细胞癌,lauren,分型:弥漫型', '胃窦小弯侧溃疡型低分化腺癌', '(左半)结肠溃疡型低分化腺癌', '(胃窦)溃疡型低分化腺癌', '胃窦部溃疡型低分化腺癌', '食管胃交界处溃疡型低分化腺癌', '胃体小弯侧溃疡型低分化腺癌', '食管胃交界溃疡型低分化腺癌', '胃窦溃疡型低分化腺癌', '胃窦小弯侧溃疡型低分化腺癌伴印戒细胞癌', '胃体大弯侧溃疡型低分化腺癌', '(远端胃)胃角溃疡型低分化腺癌', '胃体小弯侧溃疡型低分化腺癌(lauren,分型:弥漫型)', '胃体小弯溃疡型低分化腺癌']"
胃体胃窦癌,"['胃体胃窦癌(ct4n2m0,iiib期)', '胃体胃窦癌叒pt4an3am0叒iiic期']"
肠中分化腺癌,"['直肠中分化腺癌(t4n0m0iib期)', '降结肠中分化腺癌', '直肠中分化腺癌(pt1n0m0)术后两肺转移,iv期', '升结肠中分化腺癌', '结肠中分化腺癌', '乙状结肠中分化腺癌术后ypt0n1m0叒iiia期', '十二指肠中分化腺癌(pt2n0m0)', '乙状结肠中分化腺癌', '直肠中分化腺癌', '直肠中分化腺癌ypt2n1cm0叒iii期', '直肠中分化腺癌ducka期']"
脑转移,"['胃癌术后多发脑转移', '左肺中央型肺腺癌叒iv期叒纵膈、颈部淋巴结及脑转移', '胃癌术后脑转移叒rtxnxm1叒iv期']"
两肺多发转移瘤,['直肠癌伴两肺多发转移瘤']
胃底贲门癌,['胃底贲门癌术后']
肝细胞癌,"['肝脏原发性巨块型中分化肝细胞癌', '“肝细胞癌”切除术后', '中至低分化肝细胞癌(梁索型)', '原发性肝细胞癌', '肝脏原发性结节型中分化肝细胞癌并大片坏死', '混合性肝细胞癌(肝细胞性肝癌与胆管细胞癌混合)']"
肠腺癌肝转移,['直肠腺癌肝转移']
隆起型中分化腺癌,"['乙状结肠隆起型中分化腺癌', '乙状结肠:隆起型中分化腺癌']"
心梗,['非st段抬高型心梗']
肝s3转移,['肝s3转移瘤']
"胃中至低分化腺癌,lauren","['(胃大体)镜检为胃中至低分化腺癌,lauren']"
贲门癌,"['胃底贲门癌', '贲门癌iv期', '食管中段早癌、贲门癌', '贲门癌术后', '贲门癌伴肝脏、盆底种植、多发淋巴结转移', '胃底贲门癌术后', '胃贲门癌术后']"
卵巢低分化腺癌,['卵巢低分化腺癌iiic期']
脑白质脱髓鞘改变,['两侧脑白质脱髓鞘改变']
急性胰腺炎,['重症急性胰腺炎']
胃低分化腺癌,"['残胃低分化腺癌', '胃低分化腺癌(t4an3mo,iiic,ln+7/59)', '全胃低分化腺癌', '胃低分化腺癌(lauren,分型:弥漫型)', '胃低分化腺癌,大部分为印戒细胞癌', '胃低分化腺癌术后']"
阑尾炎,"['急性阑尾炎', '急性单纯性阑尾炎', '慢性阑尾炎']"
浆液性癌,"['转移性子宫浆液性癌', '子宫内膜浆液性癌', '高级别浆液性癌']"
乙状结肠癌术后,"['乙状结肠癌术后伴肝、肺骨多发转移', '乙状结肠癌术后伴肝、骨、肺多发转移']"
左乳癌,['左乳癌术后']
胃角低分化腺癌,['胃角低分化腺癌及印戒细胞癌']
完全性左束支传导阻滞,['不完全性左束支传导阻滞']
胃ca,"['胃ca治疗后', '胃ca侵出浆膜层并网膜种植转移', '胃ca术后']"
左肾积水,['左肾积水(轻度)']
胆囊结石并胆囊炎,['胆总管结石;胆囊结石并胆囊炎;胆囊穿孔']
腹部切口疝,['上腹部切口疝']
消化道出血,"['急性下消化道出血', '上消化道出血原因待查', '消化道出血原因待查', '下消化道出血原因不能明确', '下消化道出血']"
深静脉血栓,"['急性左上肢深静脉血栓形成伴感染', '左上肢深静脉血栓', '左上肢深静脉血栓形成', '2型糖尿病糖尿病周围神经病变叒左上肢深静脉血栓形成']"
肠癌,"['乙状结肠癌术后伴肝、肺骨多发转移', '进展期直肠癌:浸润溃疡型,中分化管状腺癌', '直肠癌肺转移', '直肠癌术后复发', '进展期左半结肠癌,浸润溃疡性,低-中分化腺癌', '直肠癌ct3n2mx', '直肠癌左上肺转移', '乙状结肠癌术后', '直肠癌并肝转移(ct4n+m1a)', '升结肠癌', '升结肠癌伴腹腔种植(pt4bn2am1iv期)术后', '乙状结肠癌叒右肾下腺转移', '直肠癌伴两肺多发转移瘤', '直肠癌术后化疗', '直肠癌肝转移瘤消融术后', '降结肠癌伴肝转移(pt3n2bm1,iv期pmmr,ras野生型)', '结肠癌并肝内多发转移', '直乙交界处结肠癌', '右半结肠癌术后', '肠癌转移', '结肠癌', '直肠~结肠癌', '乙状结肠癌', '直肠癌同时性右肺两发m', '直肠癌肝转移', '直肠癌术后', '横结肠癌腹腔多发转移瘤', '降结肠癌伴肝转移', '结肠癌姑息切除术后', '直肠癌放疗后', '结肠癌术后两肺多发转移', '直肠癌伴肺转移', '进展期乙状结肠癌,溃疡浸润型,中分化腺癌', '直肠癌术后吻合口瘘', '乙状结肠癌伴不完全梗阻', '直肠癌肝转移术后化疗后', '直肠癌伴肝转移', '直肠癌多发转移化疗后', '进展期直肠癌,粘液腺瘤及中分化管状腺癌', '横结肠癌', '多原发结肠癌叒pt3n1am0,iiib', '乙状结肠癌肝转移', '结肠癌术后', '直肠癌切除术,分期t1n0m0', '结肠癌并腹腔淋巴结转移', '结肠癌卵巢转移;结节性甲状腺肿', '升结肠癌术后', '直肠癌伴穿孔', '小肠癌', '结肠癌(浆膜上层),溃疡型,中分化腺癌,ii级', '直肠癌根治术后', '结肠癌肝脏转移', '结肠癌肝转移术后', '肠癌肝转移', '盲肠癌术后', '直肠癌', '乙状结肠癌(pt3n1m0)', '脾曲结肠癌', '结肠癌转移', '直肠癌(ct4bn2b)', '直肠癌同期放化疗后', '肝曲结肠癌', '直肠癌(miles)术后', '结肠癌伴肝转移', '直肠癌(浆膜上层),扁平隆起型,高分化腺癌,i级', '十二指肠癌术后', '直肠癌叒ct4n1m0', '乙状结肠癌、卵巢转移', '升结肠癌术后化疗', '直肠癌:隆起型叒中分化管状腺癌', '结肠癌术后复发', '直肠癌术后盆腔复发', '直乙交界处结肠癌术后', '盲肠癌(,癌症分期为:t3n3m1)', '乙状结肠癌,浸润溃疡型,中分化管状腺癌', '结肠癌并肺转移', '进展期直肠癌,溃疡浸润型,中分化腺癌,ii级', '左侧结肠癌', '右半结肠癌', '直肠癌(t3期)', '直肠癌伴肝转移化疗后术后', '降结肠癌术后', '直肠癌(t3n2)', '降结肠癌', '直肠癌伴肝脏多发转移', '左半结肠癌术后', '直肠癌术后吻合口复发', '中上段直肠癌', '盲肠癌', '进展期结肠癌:浸润溃疡型,中分化腺癌', '直肠癌术后,回肠造瘘术后', '横结肠癌术后', '乙状结肠癌术后伴肝、骨、肺多发转移']"
肺源性心脏病,['慢性肺源性心脏病']
胃体癌,"['胃体癌伴腹腔种植转移', '胃体癌慢性萎缩性胃炎', '贲门-胃体癌']"
升结肠癌,"['升结肠癌伴腹腔种植(pt4bn2am1iv期)术后', '升结肠癌术后', '升结肠癌术后化疗']"
腔隙性脑梗死,"['陈旧性腔隙性脑梗死', '两侧基底节区及侧脑室体旁腔隙性脑梗死', '两侧基底节区腔隙性脑梗死', '左侧基底节腔隙性脑梗死', '右侧半卵圆中心及两侧基底节区多发腔隙性脑梗死灶', '两侧半卵圆中心及两侧基底节区腔隙性脑梗死', '脑干陈旧性腔隙性脑梗死']"
鳞癌,"['胸下段食管低分化鳞癌(pt3n0m0,iib)', '宫颈,浸润性低分化鳞癌', '低分化腺鳞癌', '(食管中段)低分化鳞癌', '左梨状窝鳞癌(ypt3n2m0,iva期)', '胸中段段食管中-低分化鳞癌', '左梨状窝鳞癌', '食管上段鳞癌术后', '食道胸中段鳞癌', '宫颈鳞癌1b2期', '宫颈中分化鳞癌', '食管下段鳞癌', '腺鳞癌', '鳞癌,pt3n1m0', '宫颈鳞癌', '低分化鳞癌', '宫颈鳞癌(ib1期,ii级)术后', '宫颈鳞癌iib期', '中分化鳞癌', '子宫内膜样腺鳞癌ii级伴鳞状生化', '宫颈鳞癌ib1期术后', '胸下段食管鳞癌', '鳞癌(中分化)', '宫颈鳞癌ib1期', '食管鳞癌', '食管中上段鳞癌', '宫颈鳞癌术后', '宫颈低分化鳞癌', '食管中上段鳞癌叒iv期叒两锁骨下、纵隔淋巴结转移', '转移性宫颈鳞癌']"
胃窦炎,"['慢性胃窦炎', '慢性非萎缩性胃窦炎', '浅表性胃窦炎伴糜烂(iii级)', '萎缩性胃窦炎', '浅表性胃窦炎伴糜烂', '浅表性胃窦炎']"
糖尿病周围神经病变,['2型糖尿病糖尿病周围神经病变叒左上肢深静脉血栓形成']
心功能不全,['慢性心功能不全']
心脏扩大,['高血压性心脏病叒心脏扩大叒心房纤颤']
卵巢浆液性腺癌,['卵巢浆液性腺癌iiic期']
结节性甲状腺肿,['结肠癌卵巢转移;结节性甲状腺肿']
胆囊炎,"['胆囊结石并胆囊炎', '(胆囊)慢性胆囊炎并腺肌病', '慢性结石性胆囊炎急性发作', '急性单纯性胆囊炎', '胆囊炎、胆囊结石', '(胆囊)慢性腺性胆囊炎', '胆囊结石伴慢性胆囊炎', '慢性腺性胆囊炎', '胆总管结石;胆囊结石并胆囊炎;胆囊穿孔', '急性胆囊炎', '慢性胆囊炎']"
结肠ca,"['结肠ca伴卵巢转移术后', '乙状结肠ca(浸润型)']"
子宫内膜癌,['子宫内膜癌i期']
糜烂性胃炎,['糜烂性胃炎(ii级)']
鳞状细胞癌,"['(食管及胃底)食管多中心性蕈伞型鳞状细胞癌ii级', '宫颈中至低分化鳞状细胞癌', '食管溃疡型鳞状细胞癌ii级', '(右腋窝)淋巴结内转移性鳞状细胞癌', '(食管)鳞状细胞癌', '(宫颈12点)中分化鳞状细胞癌', '溃疡性鳞状细胞癌i-ii级', '乳头状鳞状细胞癌', '(食管),:食管溃疡型鳞状细胞癌ii级', '右肺下叶中心型低分化鳞状细胞癌', '(食管及胃底),:食管隆起型鳞状细胞癌ii级', '宫颈鳞状细胞癌ib1期', '宫颈浸润型鳞状细胞癌ii级', '(宫颈)中-低分化鳞状细胞癌,内生浸润型', '鳞状细胞癌转移', '浸润性高分化鳞状细胞癌', '(宫颈)中低分化鳞状细胞癌', '宫颈内生浸润性角化性鳞状细胞癌ii级', '食管髓质型鳞状细胞癌ii级', '(宫颈)鳞状细胞癌', '食管鳞状细胞癌', '浸润型鳞状细胞癌i-ii级', '食管鳞状细胞癌(低度分化)', '宫颈低分化鳞状细胞癌', '浸润性低分化鳞状细胞癌', '高至中分化鳞状细胞癌', '宫颈低分化鳞状细胞癌,内生浸润型', '(腹段食管及近端胃)食管蕈伞型鳞状细胞癌ii-iii级', '中分化鳞状细胞癌,pt2an0m0,ib期', '食管鳞状细胞癌ii级', '(左侧口口咽部)非角化型鳞状细胞癌', '低分化鳞状细胞癌', '中分化鳞状细胞癌', '(子宫)低分化鳞状细胞癌', '食管低分化鳞状细胞癌', '(全子宫)宫颈中至低分化鳞状细胞癌', '食管中分化鳞状细胞癌', '食管中段鳞状细胞癌', '食管髓质型高分化鳞状细胞癌', '中至低分化鳞状细胞癌', '食管鳞状细胞癌(低分化)', '宫颈内生浸润性鳞状细胞癌ii级', '宫颈低至中分化鳞状细胞癌', '壶腹部鳞状细胞癌(低度分化)', '食管髓质型鳞状细胞癌iiia期(pt3n1m0)']"
肝内多发转移,"['结肠癌并肝内多发转移', '肝内多发转移瘤']"
胃窦小弯侧溃疡型低分化腺癌,['胃窦小弯侧溃疡型低分化腺癌伴印戒细胞癌']
尤文肉瘤,['骨外尤文肉瘤/原始神经外胚叶肿瘤(es/pnet)']
结肠溃疡型管状腺癌ii级,"['(左半结肠),:结肠溃疡型管状腺癌ii级']"
pnet,['骨外尤文肉瘤/原始神经外胚叶肿瘤(es/pnet)']
结肠腺癌(中度分化),"['结肠腺癌(中度分化),溃疡型', '左半结肠腺癌(中度分化),浸润溃疡型']"
直乙交界处结肠癌,['直乙交界处结肠癌术后']
ciniii级,"['宫颈及宫颈管部分鳞状下皮高级别下皮内瘤变(ciniii级,', '(宫颈组织)宫颈粘膜慢性炎伴纳氏囊肿、糜烂,鳞状下皮ciniii级累及腺体']"
宫颈腺癌,"['宫颈腺癌综合治疗后复发', '宫颈腺癌(ib1期,ii级)术后', '宫颈腺癌ib1期', '宫颈腺癌iia1期']"
高级别下皮内瘤变,"['宫颈及宫颈管部分鳞状下皮高级别下皮内瘤变(ciniii级,', '鳞状细胞轻度增生并局灶高级别下皮内瘤变', '(胃体)高级别下皮内瘤变(重度异型增生及原位癌)', '宫颈及宫颈管鳞状下皮高级别下皮内瘤变', '鳞状下皮高级别下皮内瘤变', '大肠管状腺瘤下皮呈高级别下皮内瘤变伴癌变', '鳞状下皮高级别下皮内瘤变(vainii级)', '(胃角)高级别下皮内瘤变(重度异型增生)', '子宫内膜复杂性增生,部分腺体呈高级别下皮内瘤变,部分区域为高分化子宫内膜样腺癌', '状下皮高级别下皮内瘤变', '横结肠高级别下皮内瘤变,部分恶变(粘膜内癌)']"
梗阻性黄疸,['壶腹周围癌并梗阻性黄疸']
糖尿病,"['糖尿病周围神经病变', '糖尿病眼病', '糖尿病视网膜病变', '糖尿病周围神经病', '糖尿病糖尿病性肾病', '1型糖尿病糖尿病酮症酸中毒', '糖尿病肾病', '2型糖尿病', '糖尿病植物神经病变', '2型糖尿病糖尿病周围神经病变叒左上肢深静脉血栓形成', '糖尿病糖尿病酮症酸中毒']"
贫血,"['轻度贫血', '缺铁性贫血', '贫血性心脏病', '重度贫血', '溶血性贫血', '失血性贫血', '肾性贫血', '中度贫血']"
卵巢浆液性乳头状腺癌,"['卵巢浆液性乳头状腺癌iiic期术后', '卵巢浆液性乳头状腺癌iiic期', '左卵巢浆液性乳头状腺癌']"
管状腺癌ii级,"['左半结肠回盲部隆起型管状腺癌ii级', '(直肠下段),:肠溃疡型管状腺癌ii级', '结肠溃疡型管状腺癌ii级', '(直乙交界),:大肠溃疡型管状腺癌ii级', '肠浸润性管状腺癌ii级', '(直肠)直肠隆起型管状腺癌ii级', '(直肠)大肠隆起型管状腺癌ii级', '(结肠),:大肠隆起型管状腺癌ii级', '胃体-胃窦溃疡型管状腺癌ii级', '肠隆起型管状腺癌ii级', '(直肠),:直肠溃疡型管状腺癌ii级', '胃角溃疡型管状腺癌ii级', '食管胃交界早期浅表隆起型(0-iia型,肿瘤主体位于胃)管状腺癌ii级,局部为黏液腺癌', '胃窦小弯侧溃疡型管状腺癌ii级', '肠隆起型绒毛状-管状腺癌ii级', '溃疡型乳头状-管状腺癌ii级', '(直肠)大肠溃疡型管状腺癌ii级', '(降结肠)大肠管状腺癌ii级', '大肠溃疡型管状腺癌ii级', '(乙状)结肠蕈伞型管状腺癌ii级', '(食管上段+全胃),:食管胃交界浸润型管状腺癌ii级', '大肠隆起型管状腺癌ii级', '大肠溃疡型乳头状-管状腺癌ii级', '(左半结肠),:结肠溃疡型管状腺癌ii级', '直肠溃疡型管状腺癌ii级', '(乙状结肠),:大肠溃疡型管状腺癌ii级', '升结肠肠乳头状管状腺癌ii级', '肠外生型管状腺癌ii级', '(左半结肠),:结肠隆起型管状腺癌ii级', '(右半结肠)大肠隆起型管状腺癌ii级', '胃体胃窦交界前壁早期(0-i型)管状腺癌ii级,部分为黏液腺癌', '肠溃疡型管状腺癌ii级']"
陈旧性腔隙性脑梗死,['脑干陈旧性腔隙性脑梗死']
低分化管状腺癌,"['胃中至低分化管状腺癌(lauren,分型:肠型)', '结肠中至低分化管状腺癌', '胃溃疡型低分化管状腺癌', '直肠溃疡型中-低分化管状腺癌', '乙状结肠溃疡型中-低分化管状腺癌(含粘液腺癌成份)', '直肠中-低分化管状腺癌(含粘液腺癌成份)']"
骨转移,"['骨转移瘤', '右侧肩胛骨转移', '多发骨转移', '腰椎及骨盆骨转移', 'c7-t2骨转移', '胸12椎体,骶骨转移']"
两侧胸腔积液,['心包积液、两侧胸腔积液']
残胃炎,"['返流性食管炎,残胃炎']"
肠癌转移,['结肠癌转移']
结肠癌,"['乙状结肠癌术后伴肝、肺骨多发转移', '进展期左半结肠癌,浸润溃疡性,低-中分化腺癌', '乙状结肠癌术后', '升结肠癌', '升结肠癌伴腹腔种植(pt4bn2am1iv期)术后', '乙状结肠癌叒右肾下腺转移', '降结肠癌伴肝转移(pt3n2bm1,iv期pmmr,ras野生型)', '结肠癌并肝内多发转移', '直乙交界处结肠癌', '右半结肠癌术后', '直肠~结肠癌', '乙状结肠癌', '横结肠癌腹腔多发转移瘤', '降结肠癌伴肝转移', '结肠癌姑息切除术后', '结肠癌术后两肺多发转移', '进展期乙状结肠癌,溃疡浸润型,中分化腺癌', '乙状结肠癌伴不完全梗阻', '横结肠癌', '多原发结肠癌叒pt3n1am0,iiib', '乙状结肠癌肝转移', '结肠癌术后', '结肠癌并腹腔淋巴结转移', '结肠癌卵巢转移;结节性甲状腺肿', '升结肠癌术后', '结肠癌(浆膜上层),溃疡型,中分化腺癌,ii级', '结肠癌肝脏转移', '结肠癌肝转移术后', '乙状结肠癌(pt3n1m0)', '脾曲结肠癌', '结肠癌转移', '肝曲结肠癌', '结肠癌伴肝转移', '乙状结肠癌、卵巢转移', '升结肠癌术后化疗', '结肠癌术后复发', '直乙交界处结肠癌术后', '乙状结肠癌,浸润溃疡型,中分化管状腺癌', '结肠癌并肺转移', '左侧结肠癌', '右半结肠癌', '降结肠癌术后', '降结肠癌', '左半结肠癌术后', '进展期结肠癌:浸润溃疡型,中分化腺癌', '横结肠癌术后', '乙状结肠癌术后伴肝、骨、肺多发转移']"
胃体溃疡,"['胃体溃疡型管状腺癌2-3级', '(全胃),:胃体溃疡型管状腺癌(ii-iii级)', '胃体溃疡型腺癌', '胃体溃疡型癌(早癌可能)']"
左梨状窝鳞癌,"['左梨状窝鳞癌(ypt3n2m0,iva期)']"
直肠术后,['小肠及直肠术后']
高级别浆液性乳头状癌,"['(两侧附件)高级别浆液性乳头状癌', '(右附件)高级别浆液性乳头状癌', '(两侧卵巢)高级别浆液性乳头状癌', '(两附件区)卵巢高级别浆液性乳头状癌']"
肝癌,"['肝癌切除术后', '肝细胞肝癌,iii级', '左叶肝细胞性肝癌,中分化', '原发性肝癌术后', '肝癌复发', '肝细胞肝癌', '肝细胞性肝癌伴胆管癌栓', '中-低分化肝细胞肝癌', '左肝原发性肝癌', '肝癌介入术后', '左肝癌', '(左肝)肝细胞肝癌(ii级)', '肝右外叶小肝癌', '肝癌术后复发', '肝癌术后', '原发性肝癌', '小肝癌', '肝细胞肝癌,分化ii级', '左半肝肝脏原发性巨块型中分化肝癌', '低分化肝细胞肝癌', '高分化肝细胞性肝癌', '结节型原发性肝癌', '混合性肝细胞癌(肝细胞性肝癌与胆管细胞癌混合)', '中分化肝细胞性肝癌', '中至低分化肝细胞肝癌', '肝细胞性肝癌']"
肝细胞肝癌,"['肝细胞肝癌,iii级', '中-低分化肝细胞肝癌', '(左肝)肝细胞肝癌(ii级)', '肝细胞肝癌,分化ii级', '低分化肝细胞肝癌', '中至低分化肝细胞肝癌']"
慢性非萎缩性胃炎,['慢性非萎缩性胃炎伴糜烂']
两上肺感染,['左肺下叶、中叶及两上肺感染']
结肠息肉,"['结肠息肉内镜上切除术后', '结肠息肉术后', '乙状结肠息肉', '直肠、乙状结肠息肉', '结肠息肉叒内镜上切除术后']"
肝内胆管癌,"['(肝左叶)叒肝内胆管癌', '右肝内肝内胆管癌术后', '右肝内肝内胆管癌']"
腹腔转移,['胃癌术后腹腔转移']
乙状结肠癌,"['乙状结肠癌术后伴肝、肺骨多发转移', '乙状结肠癌术后', '乙状结肠癌叒右肾下腺转移', '进展期乙状结肠癌,溃疡浸润型,中分化腺癌', '乙状结肠癌伴不完全梗阻', '乙状结肠癌肝转移', '乙状结肠癌(pt3n1m0)', '乙状结肠癌、卵巢转移', '乙状结肠癌,浸润溃疡型,中分化管状腺癌', '乙状结肠癌术后伴肝、骨、肺多发转移']"
ciniii,"['宫颈及宫颈管部分鳞状下皮高级别下皮内瘤变(ciniii级,', '(宫颈组织)宫颈粘膜慢性炎伴纳氏囊肿、糜烂,鳞状下皮ciniii级累及腺体', 'ciniii级']"
卵巢肿瘤,"['两侧卵巢肿瘤', '左卵巢肿瘤']"
肝ca,['肝ca治疗后']
直肠癌肝转移,"['直肠癌肝转移瘤消融术后', '直肠癌肝转移术后化疗后']"
前列腺癌,['前列腺癌gleanson分级iii级']
营养不良,['重度营养不良']
胃癌,"['胃癌、胃空肠吻合术后', '胃癌术后多发脑转移', '胃癌术后肝转移', '胃癌并肝转移', '胃癌术后pt3n2m0', '胃癌转移', '残胃癌综合治疗后', '胃底贲门部-胃小弯恶性肿瘤(胃癌?)', '胃癌伴转移', '进展期胃癌,中、低分化腺癌及粘液腺癌', '胃癌并右锁骨下、纵膈、腹腔淋巴结转移', '胃癌术后腹腔转移', '食管胃癌', '全胃癌(pt3n3m0,iiib)', '胃癌远端胃切除术后', '胃癌伴腹腔盆腔转移', '进展期胃癌,隆起型,高-中分化管状腺癌', '晚期胃癌', 'iv期胃癌', '胃癌并幽门梗阻', '胃癌术后', '胃癌,右锁下,隆突上,胃小弯侧,膈脚后,食管旁,腹主动脉旁广泛淋巴结转移', '胃癌伴幽门梗阻', '胃癌并发转移', '胃癌术后复发', '胃癌伴腹腔种植转移', '贲门溃疡型胃癌', '胃癌术后脑转移叒rtxnxm1叒iv期', '胃癌综合治疗后', '胃癌伴出血', '残胃癌', '胃癌伴腹腔多发转移']"
浸润性导管癌,"['(右)乳腺浸润性导管癌,ii级', '右乳腺浸润性导管癌', '右乳浸润性导管癌']"
管状腺癌ii-iii级,"['胃体前壁及胃窦溃疡型管状腺癌ii-iii级', '食管胃交界溃疡型管状腺癌ii-iii级', '(远端胃),:胃窦小弯侧溃疡型管状腺癌ii-iii级', '胃窦小弯侧溃疡型管状腺癌ii-iii级', '大肠溃疡型管状腺癌ii-iii级', '(残胃)胃近贲门处溃疡型管状腺癌ii-iii级', '食管-胃交界处溃疡型混合型腺神经内分泌癌[腺癌为管状腺癌ii-iii级,神经内分泌肿瘤为g3型(神经内分泌癌)]', '十二指肠乳头部浸润型管状腺癌ii-iii级', '胃体小弯侧浸润型管状腺癌ii-iii级,部分为粘液腺癌和低粘附性癌', '胃管状腺癌ii-iii级', '胃窦浸润型管状腺癌ii-iii级', '胃窦溃疡型管状腺癌ii-iii级,少部分为低粘附性癌(主要为印戒细胞癌)']"
主动脉瓣钙化,['二尖瓣环、主动脉瓣钙化']
胃角溃疡,"['胃角溃疡(s2期)', '胃角溃疡型低黏附性癌(低分化腺癌,部分为印戒细胞癌)', '胃角溃疡型管状腺癌ii级', '胃角溃疡型ca', '胃角溃疡型粘液腺癌(pt4an2m0iiib期)术后', '(远端胃)胃角溃疡型低分化腺癌', '胃角溃疡型粘液腺癌,部分为印戒细胞癌']"
乙状结肠低级别管状腺瘤,['横结肠增生性腺瘤性息肉叒乙状结肠低级别管状腺瘤']
乳头状-管状腺癌,"['溃疡型乳头状-管状腺癌ii级', '大肠溃疡型乳头状-管状腺癌ii级']"
癌栓,"['肝细胞性肝癌伴胆管癌栓', '左肺中央型肺ca,伴左肺下叶阻塞性肺不张,纵隔内及降主动脉动脉旁多发淋巴结转移,左肺上叶动脉内癌栓']"
结肠腺癌,"['升结肠腺癌叒ct3n1m0', '升结肠腺癌破裂穿孔致急性弥漫性腹膜炎', '结肠腺癌(中低分化),浸润溃疡型', '结肠腺癌(中分化)', '结肠腺癌(中度分化)', '结肠腺癌(中度分化),溃疡型', '升结肠腺癌腹腔多发种植,伴不完全肠梗阻', '横结肠腺癌', '左半结肠腺癌(中度分化),浸润溃疡型', '结肠腺癌(中-低度分化),浸润溃疡型', '结肠腺癌并肝多发转移', '降结肠腺癌', '结肠腺癌(中低度分化)', '乙状结肠腺癌', '乙状结肠腺癌并肝转移']"
腹腔积液,['腹腔积液(少量)']
smt,['十二指肠降部smt']
心包积液,"['心包积液、两侧胸腔积液', '心包积液并心包增厚']"
结肠术后,"['乙状结肠术后', '升结肠术后']"
直肠肿瘤,['直肠肿瘤术后']
左乳腺癌,['左乳腺癌术后']
直肠癌术后,"['直肠癌术后复发', '直肠癌术后化疗', '直肠癌术后吻合口瘘', '直肠癌术后盆腔复发', '直肠癌术后吻合口复发', '直肠癌术后,回肠造瘘术后']"
慢性萎缩性胃炎,"['中度慢性萎缩性胃炎', '轻度慢性萎缩性胃炎', '(胃窦)慢性萎缩性胃炎(中度)', '胃体癌慢性萎缩性胃炎', '慢性萎缩性胃炎(重度)', '慢性萎缩性胃炎伴急性活动']"
鳞状下皮高级别下皮内瘤变,"['宫颈及宫颈管部分鳞状下皮高级别下皮内瘤变(ciniii级,', '宫颈及宫颈管鳞状下皮高级别下皮内瘤变', '鳞状下皮高级别下皮内瘤变(vainii级)']"
慢性宫颈炎,['慢性宫颈炎伴腺体鳞化']
盆腔积液,"['腹腔、盆腔积液', '腹腔及盆腔积液']"
胃潴留,['胃窦癌伴胃潴留']
食管静脉曲张,"['轻-中度食管静脉曲张', '轻度食管静脉曲张可能', '轻度食管静脉曲张']"
肺炎,"['两肺炎症伴纤维灶', '两上肺炎症', '阻塞性肺炎']"
胃窦多发溃疡,"['胃窦多发溃疡(forrest叒iia)', '胃体、胃窦多发溃疡']"
卵巢浆液性乳头状囊腺癌,"['卵巢浆液性乳头状囊腺癌(iiib期,g1)术后', '两侧卵巢浆液性乳头状囊腺癌', '(右附件)卵巢浆液性乳头状囊腺癌']"
舌癌,['舌癌术后']
降结肠癌伴肝转移,"['降结肠癌伴肝转移(pt3n2bm1,iv期pmmr,ras野生型)']"
肺气肿,"['肺气肿伴两肺上叶感染', '肺气肿征', '两肺下叶肺气肿']"
结肠恶性肿瘤,"['升结肠恶性肿瘤术后', '升结肠恶性肿瘤']"
结肠侧向发育型肿瘤,['结肠侧向发育型肿瘤(lst)']
横结肠增生性腺瘤性息肉,['横结肠增生性腺瘤性息肉叒乙状结肠低级别管状腺瘤']
食管胃交界部腺癌,['食管胃交界部腺癌术后']
两肺多发转移,"['两肺多发转移瘤', '直肠癌伴两肺多发转移瘤', '结肠癌术后两肺多发转移']"
低分化癌,"['(隆突上淋巴结)可见低分化癌转移', '胃低分化癌', '胃未分化癌,部分低分化癌', '宫颈低分化癌', '低分化癌转移']"
hsil,['(宫颈3、6、9点)hsil']
食管鳞状细胞癌,"['食管鳞状细胞癌(低度分化)', '食管鳞状细胞癌ii级', '食管鳞状细胞癌(低分化)']"
两肾囊肿,['肝左后叶上段及两肾囊肿']
(直肠)腺癌(中度分化),"['(直肠)腺癌(中度分化),浸润溃疡型', '(直肠)腺癌(中度分化),隆起型']"
急性胆管炎,['肝内外胆管结石伴急性胆管炎']
丙肝,['丙肝后肝硬化']
前列腺增生,"['前列腺增生症,伴pini级', '良性前列腺增生', '前列腺增生症']"
老年痴呆,['老年痴呆症']
贲门腺癌,"['贲门腺癌ii级', '贲门腺癌(中度分化),浸润溃疡型']"
胰腺癌,['胰腺占位:胰腺癌']
浆液性腺癌,"['右输卵管输卵管浆液性腺癌iiic期', '卵巢浆液性腺癌', '(左卵巢)高级别浆液性腺癌', '浆液性腺癌并子宫内膜样腺癌', '两侧卵巢见低分化浆液性腺癌浸润', '左卵巢中分化浆液性腺癌', '卵巢浆液性腺癌iiic期', '高级别浆液性腺癌', '卵巢高级别浆液性腺癌iiia1(ii)期', '网膜浆液性腺癌', '低分化浆液性腺癌']"
肠腺癌转移,"['低分化腺癌,大部分为粘液腺癌,符合肠腺癌转移']"
贲门炎,"['贲门炎症', '贲门炎(重度)']"
转移性低分化腺癌,['淋巴结转移性低分化腺癌']
肠隆起型管状腺癌ii级,"['(直肠)直肠隆起型管状腺癌ii级', '(直肠)大肠隆起型管状腺癌ii级', '(结肠),:大肠隆起型管状腺癌ii级', '大肠隆起型管状腺癌ii级', '(左半结肠),:结肠隆起型管状腺癌ii级', '(右半结肠)大肠隆起型管状腺癌ii级']"
"弥漫大b细胞淋巴瘤,非gcb亚型","['(回盲部)弥漫大b细胞淋巴瘤,非gcb亚型ia期']"
右上肢静脉曲张,['右上肢静脉曲张伴溃疡感染']
胃窦低分化腺癌,['胃体、胃窦低分化腺癌']
印戒细胞,"['中低分化腺癌伴印戒细胞癌,混合型', '胃印戒细胞癌', '胃体后壁溃疡型低分化腺癌伴印戒细胞癌', '溃疡型低分化腺癌,伴印戒细胞癌,lauren,分型:弥漫型', '(右乳)分泌粘液癌(印戒细胞癌)', '胃窦溃疡型低黏附性癌(印戒细胞癌为主,部分为未分化癌及黏液腺癌)', '直肠恶性黑色素瘤,并印戒细胞癌', '胃底、体小弯侧低分化腺癌,部分为印戒细胞癌图像,蕈伞型', '印戒细胞癌及低分化腺癌', '胃角低分化腺癌及印戒细胞癌', '胃体胃角印戒细胞癌及管状腺癌,弥漫型', '胃角溃疡型低黏附性癌(低分化腺癌,部分为印戒细胞癌)', '(远端胃)胃体小弯早期(iic型)低分化腺癌,部分为印戒细胞癌', '(降结肠)中分化绒毛状管状腺癌,伴部分粘液腺癌及部分印戒细胞癌', '印戒细胞癌伴粘液腺癌,弥漫型', '胃低分化腺癌,大部分为印戒细胞癌', '(印戒细胞癌),分期t4、n3、m0', '肠低分化腺癌(印戒细胞癌)', '(直肠)粘液腺癌伴印戒细胞癌成分(40%)', '中-低分化腺癌,部分为印戒细胞癌,lauren,分型:混合型', '(胃角)印戒细胞癌', 'egj中低分化腺癌伴印戒细胞癌,混合型', '直肠粘膜黑色素瘤合并印戒细胞癌', '右乳印戒细胞癌', '印戒细胞癌(lauren,分型:弥漫型)', '印戒细胞癌', '胃窦小弯侧溃疡型低分化腺癌伴印戒细胞癌', '(盲肠)低分化腺癌(含印戒细胞癌成分)', '胃底、升结肠印戒细胞癌', '(远端胃大部),:胃体小弯浸润型印戒细胞癌', '胃体及胃窦小弯侧早期隆起型(0-i型)低黏附性癌,印戒细胞癌为主,部分为低分化腺癌及未分化癌', '胃角溃疡型粘液腺癌,部分为印戒细胞癌', '印戒细胞癌,弥漫型', '胃底升结肠印戒细胞癌', '低分化腺癌,部分为印戒细胞癌', '(直肠)印戒细胞癌', '胃窦溃疡型管状腺癌ii-iii级,少部分为低粘附性癌(主要为印戒细胞癌)']"
恶性黑色素瘤,"['直肠恶性黑色素瘤,并印戒细胞癌', '恶性黑色素瘤转移']"
卵巢腺癌,"['两卵巢腺癌iib期', '左卵巢腺癌', '(左附件)卵巢腺癌']"
肝硬化,"['隐源性肝硬化', '丙肝后肝硬化', '乙肝后肝硬化失代偿期', '乙肝后肝硬化', '肝硬化失代偿期', '乙肝肝硬化', '肝硬化部分切除术后', '结节性肝硬化', '肝硬化结节癌变可能性大']"
吻合口溃疡,"['近端胃术后,吻合口溃疡,反流行食管炎']"
小肠梗阻,['粘连性小肠梗阻']
直肠癌伴肝转移,['直肠癌伴肝转移化疗后术后']
胆管炎,"['肝内外胆管结石伴急性胆管炎', '急性胆管炎']"
胃体小弯侧溃疡型低分化腺癌,"['胃体小弯侧溃疡型低分化腺癌(lauren,分型:弥漫型)']"
弥漫性腹膜炎,['升结肠腺癌破裂穿孔致急性弥漫性腹膜炎']
胰十二指肠切除术后,['左半结肠切除+胰十二指肠切除术后']
宫颈低分化鳞状细胞癌,"['宫颈低分化鳞状细胞癌,内生浸润型']"
i型呼吸衰竭,['ii型呼吸衰竭']
肝内外胆管结石,['肝内外胆管结石伴急性胆管炎']
窦性心律,['窦性心律不齐']
胃窦溃疡,"['胃窦溃疡型低黏附性癌(印戒细胞癌为主,部分为未分化癌及黏液腺癌)', '胃体前壁及胃窦溃疡型管状腺癌ii-iii级', '胃体-胃窦溃疡型管状腺癌ii级', '胃窦溃疡(h1期)', '(远端胃),:胃窦溃疡型黏液腺癌', '胃窦溃疡浸润型癌侵及胃角、幽门', '胃窦溃疡型低分化腺癌', '胃窦溃疡溃疡型中分化腺癌', '胃窦溃疡型管状腺癌ii-iii级,少部分为低粘附性癌(主要为印戒细胞癌)', '胃窦溃疡型隆起性病变']"
胃体小弯溃疡,"['(远端胃),:胃体小弯溃疡型低粘附性癌', '(全胃),:胃体小弯溃疡型低粘附性癌(低分化腺癌)', '胃体小弯溃疡浸润型管状腺癌', '胃体小弯溃疡型低分化腺癌']"
腺下皮低级别下皮内瘤变,['腺下皮低级别下皮内瘤变(中度不典型增生)']
两侧基底节区腔隙性脑梗死,['两侧半卵圆中心及两侧基底节区腔隙性脑梗死']
萎缩性胃窦炎,['慢性非萎缩性胃窦炎']
脂肪肝,"['酒精性脂肪肝', '中度脂肪肝']"
绒毛状管状腺瘤,"['(横结肠)绒毛状管状腺瘤,iii级,(乙状结肠)粘膜急慢性炎症', '(乙状结肠)腺癌(中度分化,部分为粘液腺癌图像),符合绒毛状管状腺瘤癌变', '结肠多发绒毛状管状腺瘤', '胃角低级别绒毛状管状腺瘤']"
胃窦小弯侧溃疡型管状腺癌ii-iii级,"['(远端胃),:胃窦小弯侧溃疡型管状腺癌ii-iii级']"
中分化腺癌,"['肠中分化腺癌', '进展期左半结肠癌,浸润溃疡性,低-中分化腺癌', '隆起型中分化腺癌', '直肠中分化腺癌(t4n0m0iib期)', '(升结肠)中分化腺癌', '(左半结肠)高中分化腺癌', '降结肠中分化腺癌', '(乙状结肠)溃疡型中分化腺癌', '食管贲门小弯侧溃疡型中分化腺癌', '直肠浸润性中分化腺癌术后', '十二指肠乳头中分化腺癌', '壶腹部中分化腺癌,部分为粘液腺癌,,分期为:t3n1m0', '直肠中分化腺癌(pt1n0m0)术后两肺转移,iv期', '升结肠中分化腺癌', ':左半结肠)溃疡型中分化腺癌', '直肠(切除)浸润性中分化腺癌', '乙状结肠隆起型中分化腺癌', '小肠隆起型高中分化腺癌', '(结肠大体)镜检为中分化腺癌', '中分化腺癌,伴粘液腺癌', '胃窦癌:borrmann3型叒浸润深度(se)叒浸润溃疡型,低-中分化腺癌', '进展期乙状结肠癌,溃疡浸润型,中分化腺癌', '直肠溃疡型中分化腺癌', '乙状结肠溃疡型高中分化腺癌伴粘液分泌', '结肠中分化腺癌', '乙状结肠中分化腺癌术后ypt0n1m0叒iiia期', '胰头中分化腺癌', '浸润性中分化腺癌', '胆总管中分化腺癌', '溃疡中分化腺癌', '隆起型高中分化腺癌', '直肠上段中分化腺癌', '十二指肠中分化腺癌(pt2n0m0)', '高-中分化腺癌', '(直肠)中分化腺癌,溃疡型', '高至中分化腺癌', '乙状结肠中分化腺癌', '(左半结肠)结肠隆起型高中分化腺癌', '结肠癌(浆膜上层),溃疡型,中分化腺癌,ii级', '横结肠结肠溃疡型中分化腺癌', '胰腺中分化腺癌伴粘液腺癌', '(结肠)中分化腺癌', '(右半结肠+部分胃壁),:结肠溃疡型中分化腺癌', '肠溃疡型中分化腺癌', '胃窦溃疡溃疡型中分化腺癌', '直肠中分化腺癌', '(胃)低-中分化腺癌伴神经内分泌分化,溃疡型', '直肠中分化腺癌ypt2n1cm0叒iii期', '中分化腺癌伴黏液腺癌', '进展期直肠癌,溃疡浸润型,中分化腺癌,ii级', '肝s2肿瘤中分化腺癌', '乙状结肠:隆起型中分化腺癌', '溃疡型中分化腺癌', '直肠中分化腺癌ducka期', '进展期结肠癌:浸润溃疡型,中分化腺癌', '中分化腺癌。,分期为:pt3n1m1', '(直肠)中分化腺癌', '(胃)中分化腺癌', '回盲部中分化腺癌', '胃窦中分化腺癌']"
直肠ca,"['直肠carcinoma', '直肠ca术后']"
结肠肿瘤,"['左半结肠肿瘤', '乙状结肠肿瘤', '升结肠肿瘤根治术后', '降结肠肿瘤']"
横结肠癌,"['横结肠癌腹腔多发转移瘤', '横结肠癌术后']"
浅表性胃窦炎伴糜烂,['浅表性胃窦炎伴糜烂(iii级)']
胃底静脉曲张,['食管胃底静脉曲张']
肝多发转移瘤,"['肝门区及胃小弯淋巴结转移,肝多发转移瘤']"
呼吸衰竭,"['ii型呼吸衰竭', 'i型呼吸衰竭', '2型呼吸衰竭', '急性呼吸衰竭']"
胆道术后,['胆道术后肝内胆管结石']
乙肝后肝硬化,['乙肝后肝硬化失代偿期']
肝硬化失代偿期,['乙肝后肝硬化失代偿期']
结肠中分化腺癌,"['降结肠中分化腺癌', '升结肠中分化腺癌', '乙状结肠中分化腺癌术后ypt0n1m0叒iiia期', '乙状结肠中分化腺癌']"
骶管囊肿,['不除外骶管囊肿']
肝mt,"['肝mt综合治疗后', '肝mt术后']"
糖尿病周围神经病,"['糖尿病周围神经病变', '2型糖尿病糖尿病周围神经病变叒左上肢深静脉血栓形成']"
黑色素瘤,"['直肠恶性黑色素瘤,并印戒细胞癌', '恶性黑色素瘤', '恶性黑色素瘤转移', '直肠粘膜黑色素瘤合并印戒细胞癌', '直肠黑色素瘤']"
浅表性胃窦炎,"['浅表性胃窦炎伴糜烂(iii级)', '浅表性胃窦炎伴糜烂']"
管状腺癌,"['胃管状腺癌术后(pt4an1m0iiia期)', '胃中至低分化管状腺癌(lauren,分型:肠型)', '进展期直肠癌:浸润溃疡型,中分化管状腺癌', '结肠中至低分化管状腺癌', '乙状结肠管状腺癌(t4n0m0)', '降结肠中分化管状腺癌', '左半结肠回盲部隆起型管状腺癌ii级', '(直肠下段),:肠溃疡型管状腺癌ii级', '胃体溃疡型管状腺癌2-3级', '胃体前壁及胃窦溃疡型管状腺癌ii-iii级', '食管胃交界溃疡型管状腺癌ii-iii级', '结肠溃疡型管状腺癌ii级', '部分管状腺癌', '管状腺癌ii级', '低分化管状腺癌', '小肠管状腺癌(pt4an0m0iib期)术后', '溃疡型中分化管状腺癌(t3n0m0)', '(直乙交界),:大肠溃疡型管状腺癌ii级', '肠浸润性管状腺癌ii级', '左半结肠中分化管状腺癌', '管状腺癌ii-iii级', '(直肠)直肠隆起型管状腺癌ii级', '乳头状-管状腺癌', '(直肠)大肠隆起型管状腺癌ii级', '(结肠),:大肠隆起型管状腺癌ii级', '胃溃疡型低分化管状腺癌', '胃体-胃窦溃疡型管状腺癌ii级', '直肠隆起型中分化管状腺癌,小灶区为黏液腺癌', '肠隆起型管状腺癌ii级', '胃体胃角印戒细胞癌及管状腺癌,弥漫型', '(远端胃),:胃窦小弯侧溃疡型管状腺癌ii-iii级', '进展期直肠癌,粘液腺瘤及中分化管状腺癌', '胃窦小弯侧溃疡型管状腺癌ii-iii级', '大肠溃疡型管状腺癌ii-iii级', '(直肠),:直肠溃疡型管状腺癌ii级', '胃角溃疡型管状腺癌ii级', '(降结肠)中分化绒毛状管状腺癌,伴部分粘液腺癌及部分印戒细胞癌', '乙状结肠浸润性管状腺癌i-ii级', '食管胃交界早期浅表隆起型(0-iia型,肿瘤主体位于胃)管状腺癌ii级,局部为黏液腺癌', '胃体小弯溃疡浸润型管状腺癌', '食管胃交界溃疡型管状腺癌ii', '胃窦小弯侧溃疡型管状腺癌ii级', '(胃)溃疡型中分化管状腺癌', '(残胃)胃近贲门处溃疡型管状腺癌ii-iii级', '肠隆起型绒毛状-管状腺癌ii级', '(直肠),:肠隆起型中分化管状腺癌', '胃贲门管状腺癌(pt4an2m0iiib期)', '食管胃交界溃疡型管状腺癌iii级,伴神经内分泌分化', '(升结肠)中分化管状腺癌', '食管-胃交界处溃疡型混合型腺神经内分泌癌[腺癌为管状腺癌ii-iii级,神经内分泌肿瘤为g3型(神经内分泌癌)]', '溃疡型乳头状-管状腺癌ii级', '胃体管状腺癌', '十二指肠乳头部浸润型管状腺癌ii-iii级', '(直肠)大肠溃疡型管状腺癌ii级', '结肠溃疡型中分化管状腺癌', '(降结肠)大肠管状腺癌ii级', '直肠溃疡型中分化管状腺癌', '(胃大弯、小弯)溃疡型中分化管状腺癌', '直肠隆起型管状腺癌', '大肠溃疡型管状腺癌ii级', '(乙状)结肠蕈伞型管状腺癌ii级', '(食管上段+全胃),:食管胃交界浸润型管状腺癌ii级', '大肠隆起型管状腺癌ii级', '结肠肝曲管状腺癌', '进展期胃癌,隆起型,高-中分化管状腺癌', '(全胃),:胃体溃疡型管状腺癌(ii-iii级)', '胃体小弯侧浸润型管状腺癌ii-iii级,部分为粘液腺癌和低粘附性癌', '直肠溃疡型中-低分化管状腺癌', '(全胃)胃体下段小弯侧溃疡型管状腺癌i级', '大肠溃疡型乳头状-管状腺癌ii级', '直肠癌:隆起型叒中分化管状腺癌', '乙状结肠溃疡型中-低分化管状腺癌(含粘液腺癌成份)', '(左半结肠),:结肠溃疡型管状腺癌ii级', '直肠溃疡型管状腺癌ii级', '直肠蕈样型中分化管状腺癌', '(远端胃)下皮性恶性肿瘤,部分区为神经内分泌癌(g3,约占肿瘤体积40%);部分为肉瘤样癌(约占肿瘤体积40%);部分为管状腺癌,分化ii级(lauren分型肠型,约占肿瘤组织20%)', '结肠肝曲管状腺癌术后', '乙状结肠癌,浸润溃疡型,中分化管状腺癌', '(乙状结肠),:大肠溃疡型管状腺癌ii级', '胃管状腺癌ii-iii级', '(乙状结肠)溃疡型中分化管状腺癌', '胃窦浸润型管状腺癌ii-iii级', '直肠中-低分化管状腺癌(含粘液腺癌成份)', '升结肠肠乳头状管状腺癌ii级', '食管胃交界溃疡型管状腺癌,ii-iii级', '胃窦溃疡型管状腺癌ii-iii级,少部分为低粘附性癌(主要为印戒细胞癌)', '肠外生型管状腺癌ii级', '(直肠)溃疡型中分化管状腺癌', '(左半结肠),:结肠隆起型管状腺癌ii级', '(右半结肠)大肠隆起型管状腺癌ii级', '胃体胃窦交界前壁早期(0-i型)管状腺癌ii级,部分为黏液腺癌', '肠溃疡型管状腺癌ii级']"
食管胃交界溃疡型管状腺癌ii,"['食管胃交界溃疡型管状腺癌ii-iii级', '食管胃交界溃疡型管状腺癌iii级,伴神经内分泌分化']"
肠炎,"['慢性结肠炎', '溃疡性直肠炎', '十二指肠炎', '直肠炎', '溃疡性结肠炎', '结肠炎性息肉', '升结肠炎性息肉']"
贲门溃疡,['贲门溃疡型胃癌']
慢性阻塞性肺疾病急性加重,['慢性阻塞性肺疾病急性加重期']
胆石症,"['胆石症术后', '胆石症并胆系感染', '胆石症ptcd术后']"
乙状结肠息肉,['直肠、乙状结肠息肉']
腺鳞癌,"['低分化腺鳞癌', '子宫内膜样腺鳞癌ii级伴鳞状生化']"
浸润性中分化腺癌,"['直肠浸润性中分化腺癌术后', '直肠(切除)浸润性中分化腺癌']"
低级别下皮内瘤变,"['腺下皮低级别下皮内瘤变', '鳞状下皮呈乳头状增生,部分鳞状下皮呈低级别下皮内瘤变', '肠管状腺瘤,伴低级别下皮内瘤变', '肠管状腺瘤,伴低级别下皮内瘤变及肠增生性息肉', '腺下皮低级别下皮内瘤变(中度不典型增生)']"
脑梗死,"['急性脑梗死', '腔隙性脑梗死', '陈旧性腔隙性脑梗死', '两侧基底节区及侧脑室体旁腔隙性脑梗死', '右侧基底节区脑梗死', '两侧基底节区腔隙性脑梗死', '脑梗死后遗症', '左侧基底节腔隙性脑梗死', '右侧颞、枕叶慢性脑梗死', '右侧半卵圆中心及两侧基底节区多发腔隙性脑梗死灶', '两侧半卵圆中心及两侧基底节区腔隙性脑梗死', '脑干陈旧性腔隙性脑梗死']"
高血压3级很高危,['原发性高血压3级很高危']
(直肠)腺癌,"['(直肠)腺癌(中度分化)', '(直肠)腺癌(中、低度分化,局部伴神经内分泌分化;部分为粘液腺癌,约占30%),叒隆起型', '(直肠)腺癌(中度分化),浸润溃疡型', '(直肠)腺癌(高-中分化)', '(直肠)腺癌(中度分化),隆起型']"
卵巢浆液性囊腺癌(中分化),['卵巢浆液性囊腺癌(中分化)iiic期']
结肠癌术后,"['乙状结肠癌术后伴肝、肺骨多发转移', '乙状结肠癌术后', '右半结肠癌术后', '结肠癌术后两肺多发转移', '升结肠癌术后', '升结肠癌术后化疗', '结肠癌术后复发', '直乙交界处结肠癌术后', '降结肠癌术后', '左半结肠癌术后', '横结肠癌术后', '乙状结肠癌术后伴肝、骨、肺多发转移']"
十二指肠球部溃疡,['十二指肠球部溃疡(s2期)']
胃窦癌,"['胃体胃窦癌', '胃体胃窦癌(ct4n2m0,iiib期)', '胃窦癌术后', '胃窦癌(pt4an3bm1,iv期)', '进行期胃窦癌', '胃窦癌(pt3n3m0,iiib期)', '胃窦癌:borrmann3型叒浸润深度(se)叒浸润溃疡型,低-中分化腺癌', '胃窦癌综合治疗后', '胃窦癌伴不全梗阻', '胃体胃窦癌叒pt4an3am0叒iiic期', '胃窦癌(溃疡型)', '胃窦癌伴胃潴留', '胃窦癌(pt4an3bm0iiic期)术后', '胃窦癌伴出血伴肝脏、胰腺受侵']"
食管胃交界腺癌,"['食管胃交界腺癌术后', '(食管胃交界腺癌化疗后)食管及胃交界部低分化腺癌']"
冠状动脉粥样硬化性心脏病,['冠状动脉粥样硬化性心脏病叒缺血性心肌病型']
原发性高血压,"['原发性高血压3级叒很高危', '原发性高血压3级极高危', '原发性高血压3级叒极高危', '原发性高血压3级很高危', '原发性高血压2级叒极高危', '原发性高血压病']"
左半结肠切除,"['直肠、左半结肠切除术后', '左半结肠切除+胰十二指肠切除术后', '左半结肠切除术后']"
萎缩性胃炎伴急性活动,['慢性萎缩性胃炎伴急性活动']
大肠管状腺瘤,['大肠管状腺瘤下皮呈高级别下皮内瘤变伴癌变']
(乙状结肠)腺癌,"['(乙状结肠)腺癌(中度分化,部分为粘液腺癌图像),符合绒毛状管状腺瘤癌变', '(乙状结肠)腺癌(中、低度分化)', '(乙状结肠)腺癌,直肠低级别绒毛管状腺瘤']"
宫颈癌,"['宫颈癌ib1期', '复发性宫颈癌', '宫颈癌术后', '宫颈癌iai', '宫颈癌肉瘤', '宫颈癌iia1期', '宫颈癌iib期', '宫颈癌iia2期']"
胰头占位,['胰头占位wipple术后']
卵巢癌,"['卵巢癌术后', '腹腔肿物:左侧卵巢癌', '卵巢癌复发伴左输尿管受累', '卵巢癌及淋巴结转移']"
胃间质瘤,['胃间质瘤术后']
浅表性胃炎伴糜烂,['慢性浅表性胃炎伴糜烂、胆汁返流']
乳头状腺癌,"['两侧卵巢中分化浆液性乳头状腺癌', '卵巢浆液性乳头状腺癌', '(左卵巢)中-低分化浆液性乳头状腺癌', '卵巢浆液性乳头状腺癌iiic期术后', '大肠溃疡型乳头状腺癌ii级', '乙状结肠溃疡型中分化管状乳头状腺癌', '(全子宫+左附件)左卵巢浆液乳头状腺癌,分化ii级', '浆液性乳头状腺癌', '左半结肠溃疡型中分化管状乳头状腺癌', '(直肠)溃疡型中分化管状乳头状腺癌', '两侧附件浆液性乳头状腺癌ii-iii级', '卵巢浆液性乳头状腺癌iiic期', '左卵巢浆液性乳头状腺癌']"
壶腹癌,['壶腹癌whipple叒术后']
平滑肌肉瘤,"['子宫平滑肌肉瘤ib期', '子宫平滑肌肉瘤', '(子宫)平滑肌肉瘤']"
髂静脉压迫综合征,['右侧髂静脉压迫综合征']
宫颈鳞癌,"['宫颈鳞癌1b2期', '宫颈鳞癌(ib1期,ii级)术后', '宫颈鳞癌iib期', '宫颈鳞癌ib1期术后', '宫颈鳞癌ib1期', '宫颈鳞癌术后', '转移性宫颈鳞癌']"
胆管细胞癌,"['混合性肝细胞和胆管细胞癌(中-低分化)', '右肝内胆管细胞癌术后综合治疗后', '(右半肝),:肝中分化胆管细胞癌', '肝内胆管细胞癌', '混合性肝细胞癌(肝细胞性肝癌与胆管细胞癌混合)', '(左肝)肝脏原发性胆管细胞癌ii级']"
低分化鳞癌,"['胸下段食管低分化鳞癌(pt3n0m0,iib)', '宫颈,浸润性低分化鳞癌', '(食管中段)低分化鳞癌', '胸中段段食管中-低分化鳞癌', '宫颈低分化鳞癌']"
b细胞淋巴瘤,"['弥漫大b细胞淋巴瘤,非gcb亚型', '(左半结肠)大肠回盲部结外粘膜相关淋巴组织边缘区b细胞淋巴瘤(malt)', '弥漫大b细胞淋巴瘤回盲部切除术后', '(回盲部)弥漫大b细胞淋巴瘤,非gcb亚型ia期', '弥漫大b细胞淋巴瘤']"
胃窦小弯侧低分化腺癌,"['胃窦小弯侧低分化腺癌,溃疡型']"
肝多发转移,"['肝多发转移瘤', '结肠腺癌并肝多发转移', '肝门区及胃小弯淋巴结转移,肝多发转移瘤']"
慢支炎,"['慢支炎、支气管哮喘', '慢支炎急发']"
贲门癌术后,"['胃底贲门癌术后', '胃贲门癌术后']"
腹水,['腹水原因待查']
隆起型高中分化腺癌,"['小肠隆起型高中分化腺癌', '(左半结肠)结肠隆起型高中分化腺癌']"
神经内分泌癌,"['胃体神经内分泌癌,低分化', '(全胃)胃-食管交界溃疡型腺神经内分泌癌(g3)', '胃神经内分泌癌术后', '食管-胃交界处溃疡型混合型腺神经内分泌癌[腺癌为管状腺癌ii-iii级,神经内分泌肿瘤为g3型(神经内分泌癌)]', '十二指肠乳头神经内分泌癌切除术后', '(远端胃)下皮性恶性肿瘤,部分区为神经内分泌癌(g3,约占肿瘤体积40%);部分为肉瘤样癌(约占肿瘤体积40%);部分为管状腺癌,分化ii级(lauren分型肠型,约占肿瘤组织20%)', '肝脏低分化大细胞神经内分泌癌(g3)']"
慢性支气管炎,['慢性支气管炎急性发作']
急性加重期,"['慢性阻塞性肺疾病急性加重期', '慢性阻塞性肺病(急性加重期)']"
囊肿,"['两侧输卵管系膜囊肿', '(宫颈组织)宫颈粘膜慢性炎伴纳氏囊肿、糜烂,鳞状下皮ciniii级累及腺体', '左卵巢黄体囊肿', '肝脏囊肿', '肝多发小囊肿', '右肾囊肿', '支气管囊肿', '(左卵巢)子宫内膜异位囊肿', '胆囊肿大', '两肾囊肿', '右卵巢囊肿', '肝囊肿', '输卵管副中肾管囊肿', '右肾小囊肿', '肝s2囊肿', '心包囊肿', '左肾多发囊肿', '肝小囊肿', '骶管囊肿', '肝s8叒囊肿', '肝左后叶上段及两肾囊肿', '右肾多发囊肿', '肝、肾囊肿', '两肾小囊肿', '不除外骶管囊肿', '肝s7叒囊肿', '卵巢黄体囊肿', '左卵巢囊肿', '宫颈纳氏囊肿', '左肾囊肿', '肝、两肾多发小囊肿', '右卵巢多房性囊肿', '肝s2、4、6、8囊肿', '肾囊肿', '两肾多发囊肿', '左肾囊肿伴囊壁钙化', '左肾下极小囊肿', '肝内多发囊肿', '肝多发囊肿', '肝脏小囊肿', '卵巢囊肿', '左肾小囊肿', '(两侧)输卵管急慢性炎,卵巢黄体,左侧卵巢并单纯性囊肿']"
肠粘膜慢性炎,"['直肠粘膜慢性炎', '阑尾及小肠粘膜慢性炎']"
卵巢黄体囊肿,['左卵巢黄体囊肿']
肾母细胞瘤,"['左肾母细胞瘤叒iiib期', '(左侧)肾脏伴左两相分化的恶性肿瘤,考虑肾母细胞瘤']"
低分化鳞状细胞癌,"['宫颈中至低分化鳞状细胞癌', '右肺下叶中心型低分化鳞状细胞癌', '(宫颈)中-低分化鳞状细胞癌,内生浸润型', '(宫颈)中低分化鳞状细胞癌', '宫颈低分化鳞状细胞癌', '浸润性低分化鳞状细胞癌', '宫颈低分化鳞状细胞癌,内生浸润型', '(子宫)低分化鳞状细胞癌', '食管低分化鳞状细胞癌', '(全子宫)宫颈中至低分化鳞状细胞癌', '中至低分化鳞状细胞癌']"
中分化鳞状细胞癌,"['(宫颈12点)中分化鳞状细胞癌', '高至中分化鳞状细胞癌', '中分化鳞状细胞癌,pt2an0m0,ib期', '食管中分化鳞状细胞癌', '宫颈低至中分化鳞状细胞癌']"
中分化鳞癌,['宫颈中分化鳞癌']
间质瘤,"['十二指肠间质瘤', '(胃壁)间质瘤', '胃底间质瘤', '胃间质瘤', '胃间质瘤术后', '胃肠道间质瘤']"
慢性肝病,['慢性肝病性胆囊']
升结肠癌术后,['升结肠癌术后化疗']
食管胃交界区癌,['食管胃交界区癌术后']
溃疡型乳头状-管状腺癌ii级,['大肠溃疡型乳头状-管状腺癌ii级']
高血压病,"['原发性高血压病', '高血压病(2级叒很高危)', '高血压病3级极高危组']"
高分化腺癌,"['直肠高分化腺癌', '直肠中-高分化腺癌', '乙状结肠高分化腺癌', '直肠癌(浆膜上层),扁平隆起型,高分化腺癌,i级', '胃隆起型高分化腺癌', '结肠溃疡型中高分化腺癌,部分粘液腺癌']"
十二指肠球炎,['十二指肠球炎伴糜烂']
食管癌术后,"['食管癌术后(pt3n0m0ii期)', '食管癌术后复发']"
高级别浆液性腺癌,"['(左卵巢)高级别浆液性腺癌', '卵巢高级别浆液性腺癌iiia1(ii)期']"
不完全肠梗阻,"['升结肠腺癌腹腔多发种植,伴不完全肠梗阻']"
肝癌术后,"['原发性肝癌术后', '肝癌术后复发']"
肺腺癌,['左肺中央型肺腺癌叒iv期叒纵膈、颈部淋巴结及脑转移']
血小板减少,['血小板减少性紫癜']
(胃)低分化腺癌,"['(胃)低分化腺癌,(淋巴结)淋巴结转移癌', '(胃)低分化腺癌,弥漫浸润型']"
上肢动脉粥样硬化闭塞症,['上肢动脉粥样硬化闭塞症状']
肝母细胞瘤,"['肝母细胞瘤术后', '肝母细胞瘤,下皮型(胎儿及胚胎型)', '肝母细胞瘤i期']"
反流性食管炎,['反流性食管炎(la-b)']
原发性肝癌,"['原发性肝癌术后', '左肝原发性肝癌', '结节型原发性肝癌']"
卵巢卵黄囊瘤,['右卵巢卵黄囊瘤术后']
腹膜后淋巴结转移,"['肝、腹膜及腹膜后淋巴结转移', '鼻咽癌并肝、腹腔积腹膜后淋巴结转移', '肝门区及腹膜后淋巴结转移']"
乙状结肠中分化腺癌,['乙状结肠中分化腺癌术后ypt0n1m0叒iiia期']
腹腔淋巴结转移,"['胃癌并右锁骨下、纵膈、腹腔淋巴结转移', '结肠癌并腹腔淋巴结转移']"
息肉,"['结肠、直肠多发性息肉', '食管息肉', '结肠多发息肉', '结肠息肉内镜上切除术后', '大肠多发息肉', '胃体多发性小息肉', '结肠息肉', '胃底多发息肉', '横结肠增生性腺瘤性息肉', '结肠扁平息肉', '十二指肠球部炎性息肉', '胃体息肉', '结肠息肉术后', '胆囊胆固醇性息肉', '胃多发息肉', '乙状结肠息肉', '十二指肠球部息肉伴柱状下皮化生', '胆囊多发性胆固醇息肉', '横结肠增生性腺瘤性息肉叒乙状结肠低级别管状腺瘤', '炎性增生性息肉', '十二指肠球部息肉', '胃部息肉', '管状绒毛状腺瘤型息肉', '胆囊息肉', '肠息肉', '直肠多发息肉', '结肠炎性息肉', '胃息肉', '直肠、乙状结肠息肉', '胃窦多发息肉(i型)', '十二指肠息肉', '胃底腺息肉', '升结肠炎性息肉', '右侧下颌窦炎症或息肉', '多发性增生性(锯齿状)息肉', '十二指肠球部多发息肉', '十二指肠多发息肉', '胃内多发息肉', '直肠息肉', '胃肠息肉', '结肠直肠多发性息肉', '(宫腔)子宫内膜息肉', '肠管状腺瘤,伴低级别下皮内瘤变及肠增生性息肉', '结肠息肉叒内镜上切除术后']"
消化道出血原因待查,['上消化道出血原因待查']
胆总管结石,"['胆囊结石、胆囊穿孔、胆总管结石', '胆囊结石、胆总管结石', '胆总管结石;胆囊结石并胆囊炎;胆囊穿孔']"
十二指肠球部息肉,['十二指肠球部息肉伴柱状下皮化生']
肺部感染,['肺癌及肺部感染']
乙状结肠腺癌,['乙状结肠腺癌并肝转移']
肺转移,"['直肠癌肺转移', '直肠癌左上肺转移', '直肠中分化腺癌(pt1n0m0)术后两肺转移,iv期', '直肠癌伴肺转移', '肝转移,两上肺转移瘤', '胆总管癌并两肺转移', '结肠癌并肺转移', '肺转移瘤', '左肺转移', '两肺转移']"
胰头癌,['胰头癌术后']
食管癌,"['食管癌术后(pt3n0m0ii期)', '早期食管癌', '食管癌放化疗后复发', '食管癌,伴右侧锁骨下窝、食管旁沟及纵膈内多发淋巴结转移', '食管癌(多源性)', '食管癌(t3n2m0iiib期)', '食管癌伴纵隔淋巴结转移', '食管癌术后复发', '食管癌术后', '胸中段食管癌', '恶性肿瘤,食管癌可能大,并右侧锁骨下上、纵膈淋巴结转移']"
腹膜炎,"['升结肠腺癌破裂穿孔致急性弥漫性腹膜炎', '弥漫性腹膜炎']"
升结肠恶性肿瘤,['升结肠恶性肿瘤术后']
感染性休克,['感染性休克叒代偿期']
左上肢深静脉血栓,"['急性左上肢深静脉血栓形成伴感染', '左上肢深静脉血栓形成', '2型糖尿病糖尿病周围神经病变叒左上肢深静脉血栓形成']"
血管瘤,['海绵状血管瘤']
结核,"['陈旧性肺结核', '淋巴结结核病', '肺结核']"
直肠隆起型管状腺癌,['(直肠)直肠隆起型管状腺癌ii级']
癌肉瘤,"['宫颈癌肉瘤', '恶性苗勒氏管瘤(癌肉瘤)']"
直肠炎,['溃疡性直肠炎']
小肝癌,['肝右外叶小肝癌']
低分化鳞形细胞癌,['(全喉)低分化鳞形细胞癌']
大肠溃疡型管状腺癌ii级,"['(直乙交界),:大肠溃疡型管状腺癌ii级', '(直肠)大肠溃疡型管状腺癌ii级', '(乙状结肠),:大肠溃疡型管状腺癌ii级']"
乙肝,"['乙肝后肝硬化失代偿期', '乙肝后肝硬化', '乙肝肝硬化']"
左肾囊肿,['左肾囊肿伴囊壁钙化']
胃mt,['胃mt肝转移']
肝转移术后,"['直肠癌肝转移术后化疗后', '结肠癌肝转移术后']"
肠癌肝转移,"['直肠癌肝转移瘤消融术后', '直肠癌肝转移', '直肠癌肝转移术后化疗后', '乙状结肠癌肝转移', '结肠癌肝转移术后']"
肾功能不全,"['慢性肾功能不全', '急性肾功能不全']"
高血压性心脏病,['高血压性心脏病叒心脏扩大叒心房纤颤']
食管炎,"['霉菌性食管炎', '食管炎(a级)', '近端胃术后,吻合口溃疡,反流行食管炎', '返流性食管炎,残胃炎', '食管炎(i级)', '反流性食管炎', '食管炎伴糜烂', '反流性食管炎(la-b)', '返流性食管炎']"
直肠癌,"['进展期直肠癌:浸润溃疡型,中分化管状腺癌', '直肠癌肺转移', '直肠癌术后复发', '直肠癌ct3n2mx', '直肠癌左上肺转移', '直肠癌并肝转移(ct4n+m1a)', '直肠癌伴两肺多发转移瘤', '直肠癌术后化疗', '直肠癌肝转移瘤消融术后', '直肠癌同时性右肺两发m', '直肠癌肝转移', '直肠癌术后', '直肠癌放疗后', '直肠癌伴肺转移', '直肠癌术后吻合口瘘', '直肠癌肝转移术后化疗后', '直肠癌伴肝转移', '直肠癌多发转移化疗后', '进展期直肠癌,粘液腺瘤及中分化管状腺癌', '直肠癌切除术,分期t1n0m0', '直肠癌伴穿孔', '直肠癌根治术后', '直肠癌(ct4bn2b)', '直肠癌同期放化疗后', '直肠癌(miles)术后', '直肠癌(浆膜上层),扁平隆起型,高分化腺癌,i级', '直肠癌叒ct4n1m0', '直肠癌:隆起型叒中分化管状腺癌', '直肠癌术后盆腔复发', '进展期直肠癌,溃疡浸润型,中分化腺癌,ii级', '直肠癌(t3期)', '直肠癌伴肝转移化疗后术后', '直肠癌(t3n2)', '直肠癌伴肝脏多发转移', '直肠癌术后吻合口复发', '中上段直肠癌', '直肠癌术后,回肠造瘘术后']"
支气管扩张,"['两上肺支气管扩张伴感染', '支气管扩张伴感染']"
管状绒毛状腺瘤,['管状绒毛状腺瘤型息肉']
结肠中至低分化腺癌,"['升结肠中至低分化腺癌伴粘液腺癌,pt3n1m0,iii期']"
大肠隆起型管状腺癌ii级,"['(直肠)大肠隆起型管状腺癌ii级', '(结肠),:大肠隆起型管状腺癌ii级', '(右半结肠)大肠隆起型管状腺癌ii级']"
印戒细胞癌,"['中低分化腺癌伴印戒细胞癌,混合型', '胃印戒细胞癌', '胃体后壁溃疡型低分化腺癌伴印戒细胞癌', '溃疡型低分化腺癌,伴印戒细胞癌,lauren,分型:弥漫型', '(右乳)分泌粘液癌(印戒细胞癌)', '胃窦溃疡型低黏附性癌(印戒细胞癌为主,部分为未分化癌及黏液腺癌)', '直肠恶性黑色素瘤,并印戒细胞癌', '胃底、体小弯侧低分化腺癌,部分为印戒细胞癌图像,蕈伞型', '印戒细胞癌及低分化腺癌', '胃角低分化腺癌及印戒细胞癌', '胃体胃角印戒细胞癌及管状腺癌,弥漫型', '胃角溃疡型低黏附性癌(低分化腺癌,部分为印戒细胞癌)', '(远端胃)胃体小弯早期(iic型)低分化腺癌,部分为印戒细胞癌', '(降结肠)中分化绒毛状管状腺癌,伴部分粘液腺癌及部分印戒细胞癌', '印戒细胞癌伴粘液腺癌,弥漫型', '胃低分化腺癌,大部分为印戒细胞癌', '(印戒细胞癌),分期t4、n3、m0', '肠低分化腺癌(印戒细胞癌)', '(直肠)粘液腺癌伴印戒细胞癌成分(40%)', '中-低分化腺癌,部分为印戒细胞癌,lauren,分型:混合型', '(胃角)印戒细胞癌', 'egj中低分化腺癌伴印戒细胞癌,混合型', '直肠粘膜黑色素瘤合并印戒细胞癌', '右乳印戒细胞癌', '印戒细胞癌(lauren,分型:弥漫型)', '胃窦小弯侧溃疡型低分化腺癌伴印戒细胞癌', '(盲肠)低分化腺癌(含印戒细胞癌成分)', '胃底、升结肠印戒细胞癌', '(远端胃大部),:胃体小弯浸润型印戒细胞癌', '胃体及胃窦小弯侧早期隆起型(0-i型)低黏附性癌,印戒细胞癌为主,部分为低分化腺癌及未分化癌', '胃角溃疡型粘液腺癌,部分为印戒细胞癌', '印戒细胞癌,弥漫型', '胃底升结肠印戒细胞癌', '低分化腺癌,部分为印戒细胞癌', '(直肠)印戒细胞癌', '胃窦溃疡型管状腺癌ii-iii级,少部分为低粘附性癌(主要为印戒细胞癌)']"
肾积水,"['左肾积水', '左肾积水(轻度)', '右肾输尿管中段结石伴右肾积水(中度)', '两肾积水']"
肠溃疡型中分化腺癌,"['直肠溃疡型中分化腺癌', '横结肠结肠溃疡型中分化腺癌', '(右半结肠+部分胃壁),:结肠溃疡型中分化腺癌']"
粘膜慢性炎,"['(宫颈组织)宫颈粘膜慢性炎伴纳氏囊肿、糜烂,鳞状下皮ciniii级累及腺体', '阑尾粘膜慢性炎', '肠粘膜慢性炎', '食管粘膜慢性炎', '直肠粘膜慢性炎', '阑尾及小肠粘膜慢性炎']"
淋巴结转移,"['左肺门纵隔及锁骨下淋巴结转移', '(胃)低分化腺癌,(淋巴结)淋巴结转移癌', '左锁骨下淋巴结转移癌', '右侧腹股沟淋巴结转移', '肝、腹膜及腹膜后淋巴结转移', '食管癌,伴右侧锁骨下窝、食管旁沟及纵膈内多发淋巴结转移', '肿瘤复发伴淋巴结转移', '淋巴结转移性低分化腺癌', '左肺门淋巴结转移', '鼻咽癌并肝、腹腔积腹膜后淋巴结转移', '胃癌并右锁骨下、纵膈、腹腔淋巴结转移', '食管癌伴纵隔淋巴结转移', '结肠癌并腹腔淋巴结转移', '贲门癌伴肝脏、盆底种植、多发淋巴结转移', '腹膜后淋巴结转移', '腹腔淋巴结转移', '左侧淋巴结转移性腺癌', '肺ca伴两肺及纵隔淋巴结转移', '甲状腺原发恶性肿瘤并淋巴结转移', '胆总管上段近胰头恶性肿瘤;胃小弯、胰头周围多发淋巴结转移', '肝门区及腹膜后淋巴结转移', '卵巢癌及淋巴结转移', '肝门区及胃小弯淋巴结转移,肝多发转移瘤', '左肺中央型肺ca,伴左肺下叶阻塞性肺不张,纵隔内及降主动脉动脉旁多发淋巴结转移,左肺上叶动脉内癌栓', '胃癌,右锁下,隆突上,胃小弯侧,膈脚后,食管旁,腹主动脉旁广泛淋巴结转移', '肝门区,胃右动脉旁淋巴结转移', '右肺上叶转移,纵膈淋巴结转移', '恶性肿瘤,食管癌可能大,并右侧锁骨下上、纵膈淋巴结转移', '食管中上段鳞癌叒iv期叒两锁骨下、纵隔淋巴结转移', '颈部、纵隔、淋巴结转移', '胃窦部mt伴胃周淋巴结转移']"
绒毛状腺瘤,"['乙状结肠绒毛状腺瘤(ii级)', '管状-绒毛状腺瘤', '管状绒毛状腺瘤型息肉', '管状绒毛状腺瘤']"
肠息肉,"['结肠息肉内镜上切除术后', '结肠息肉', '结肠息肉术后', '乙状结肠息肉', '直肠、乙状结肠息肉', '十二指肠息肉', '直肠息肉', '胃肠息肉', '结肠息肉叒内镜上切除术后']"
管状腺瘤,"['(横结肠)绒毛状管状腺瘤,iii级,(乙状结肠)粘膜急慢性炎症', '(升结肠)管状腺瘤,i级', '(肝曲)肠管状腺瘤', '乙状结肠低级别管状腺瘤', '(横结肠)肠管状腺瘤', '绒毛状管状腺瘤', '大肠管状腺瘤下皮呈高级别下皮内瘤变伴癌变', '(乙状结肠)腺癌(中度分化,部分为粘液腺癌图像),符合绒毛状管状腺瘤癌变', '直肠低级别管状腺瘤', '(乙状结肠)腺癌,直肠低级别绒毛管状腺瘤', '大肠管状腺瘤', '肠绒毛状-管状腺瘤', '横结肠增生性腺瘤性息肉叒乙状结肠低级别管状腺瘤', '(结肠肝曲、降结肠)腺管状腺瘤', '(结肠)高级别绒毛管状腺瘤', '低级别腺管状腺瘤', '管状腺瘤1-2级', '大肠乳头状管状腺瘤', '结肠多发绒毛状管状腺瘤', '胃角低级别绒毛状管状腺瘤', '肠管状腺瘤,伴低级别下皮内瘤变', '肠管状腺瘤,伴低级别下皮内瘤变及肠增生性息肉', '结肠腺管状腺瘤']"
慢性浅表性胃炎,"['中度慢性浅表性胃炎', '轻度慢性浅表性胃炎', '慢性浅表性胃炎伴糜烂、胆汁返流']"
腺癌转移,"['肠腺癌转移', '低分化腺癌,大部分为粘液腺癌,符合肠腺癌转移', '甲状腺癌转移']"
结肠肝曲管状腺癌,['结肠肝曲管状腺癌术后']
低分化浆液性腺癌,['两侧卵巢见低分化浆液性腺癌浸润']
颗粒细胞瘤,['卵巢颗粒细胞瘤']
肾囊肿,"['右肾囊肿', '两肾囊肿', '肝左后叶上段及两肾囊肿', '肝、肾囊肿', '左肾囊肿', '左肾囊肿伴囊壁钙化']"
假性动脉瘤,"['左侧股动脉假性动脉瘤', '右肾动脉假性动脉瘤', '腹主动假性动脉瘤']"
心力衰竭,['慢性心力衰竭']
结肠炎性息肉,['升结肠炎性息肉']
高血压,"['高血压2级很高危', '原发性高血压3级叒很高危', '原发性高血压3级极高危', '原发性高血压3级叒极高危', '高血压肾病', '高血压3级很高危', '原发性高血压', '高血压病', '高血压性心脏病叒心脏扩大叒心房纤颤', '原发性高血压3级很高危', '原发性高血压2级叒极高危', '高血压性心脏病', '原发性高血压病', '高血压心脏病', '高血压病(2级叒很高危)', '高血压病3级极高危组', '高血压3级']"
浆液性乳头状囊腺癌,"['卵巢浆液性乳头状囊腺癌(iiib期,g1)术后', '两侧卵巢浆液性乳头状囊腺癌', '卵巢浆液性乳头状囊腺癌', '(右附件)卵巢浆液性乳头状囊腺癌', '左卵巢高级别浆液性乳头状囊腺癌']"
结肠癌伴肝转移,"['降结肠癌伴肝转移(pt3n2bm1,iv期pmmr,ras野生型)', '降结肠癌伴肝转移']"
直肠中分化腺癌,"['直肠中分化腺癌(t4n0m0iib期)', '直肠中分化腺癌(pt1n0m0)术后两肺转移,iv期', '直肠中分化腺癌ypt2n1cm0叒iii期', '直肠中分化腺癌ducka期']"
转移性腺癌,['左侧淋巴结转移性腺癌']
前列腺增生症,"['前列腺增生症,伴pini级']"
神经内分泌肿瘤,"['肝神经内分泌肿瘤术后', '食管-胃交界处溃疡型混合型腺神经内分泌癌[腺癌为管状腺癌ii-iii级,神经内分泌肿瘤为g3型(神经内分泌癌)]', '直肠神经内分泌肿瘤', '神经内分泌肿瘤转移']"
胰腺炎,"['急性胰腺炎', '慢性胰腺炎急性发作', '急性重症胰腺炎', '重症急性胰腺炎', '自发性胰腺炎', '胆源性胰腺炎']"
胆囊结石,"['胆囊结石、胆囊穿孔、胆总管结石', '胆囊结石并胆囊炎', '胆囊炎、胆囊结石', '胆囊结石伴慢性胆囊炎', '胆囊结石、胆总管结石', '胆总管结石;胆囊结石并胆囊炎;胆囊穿孔']"
甲状腺癌,['甲状腺癌转移']
胃炎,"['浅表性胃炎', '中度慢性浅表性胃炎', '糜烂性出血性全胃炎', '轻度慢性浅表性胃炎', '糜烂性全胃炎', '糜烂性胃炎', '残胃炎', '慢性非萎缩性胃炎', '非萎缩性胃炎并胆汁反流', '慢性萎缩性胃炎', '中度慢性萎缩性胃炎', '返流性食管炎,残胃炎', '轻度慢性萎缩性胃炎', '出血性胃炎', '慢性非萎缩性胃炎伴糜烂', '萎缩性胃炎伴急性活动', '浅表性胃炎伴糜烂', '慢性浅表性胃炎伴糜烂、胆汁返流', '(胃窦)慢性萎缩性胃炎(中度)', '胃体癌慢性萎缩性胃炎', '食管糜烂,非萎缩性胃炎', '慢性萎缩性胃炎(重度)', '慢性浅表性胃炎', '慢性胃炎', '慢性萎缩性胃炎伴急性活动', '浅表萎缩性胃炎', '糜烂性胃炎(ii级)']"
肝内胆管扩张,['肝右叶肝内胆管扩张']
低分化肝细胞肝癌,"['中-低分化肝细胞肝癌', '中至低分化肝细胞肝癌']"
胃中至低分化腺癌,"['(胃大体)镜检为胃中至低分化腺癌,lauren', '胃中至低分化腺癌,lauren', '胃中至低分化腺癌(lauren分型为混合型)', '胃中至低分化腺癌(lauren,分型:混合型)']"
骨质疏松症,['重度骨质疏松症']
壶腹周围癌,['壶腹周围癌并梗阻性黄疸']
宫颈鳞癌ib1期,['宫颈鳞癌ib1期术后']
慢性发炎,"['轻度慢性发炎', '急慢性发炎']"
"中至低分化腺癌,lauren","['(胃大体)镜检为胃中至低分化腺癌,lauren', '胃中至低分化腺癌,lauren']"
黏液腺癌,"['结肠隆起型黏液腺癌', '胃窦溃疡型低黏附性癌(印戒细胞癌为主,部分为未分化癌及黏液腺癌)', '直肠隆起型中分化管状腺癌,小灶区为黏液腺癌', '食管胃交界早期浅表隆起型(0-iia型,肿瘤主体位于胃)管状腺癌ii级,局部为黏液腺癌', '(远端胃),:胃窦溃疡型黏液腺癌', '(直肠),:直肠溃疡型黏液腺癌', '中分化腺癌伴黏液腺癌', '胃体胃窦交界前壁早期(0-i型)管状腺癌ii级,部分为黏液腺癌']"
浆液性乳头状腺癌,"['两侧卵巢中分化浆液性乳头状腺癌', '卵巢浆液性乳头状腺癌', '(左卵巢)中-低分化浆液性乳头状腺癌', '卵巢浆液性乳头状腺癌iiic期术后', '两侧附件浆液性乳头状腺癌ii-iii级', '卵巢浆液性乳头状腺癌iiic期', '左卵巢浆液性乳头状腺癌']"
下消化道出血,"['急性下消化道出血', '下消化道出血原因不能明确']"
肝肿瘤,['肝肿瘤切除术后']
肝炎,"['慢性丙型肝炎', '乙型病毒性肝炎']"
慢性腺性胆囊炎,['(胆囊)慢性腺性胆囊炎']
肺m,['右肺m']
支气管哮喘,['慢支炎、支气管哮喘']
浆液性囊腺癌,"['卵巢浆液性囊腺癌(中分化)iiic期', '卵巢浆液性囊腺癌(中分化)']"
脑白质脱髓鞘,"['脑白质脱髓鞘改变', '两侧脑白质脱髓鞘改变']"
子宫肌瘤,"['黏膜上子宫肌瘤', '子宫肌瘤良性病变']"
直肠溃疡型管状腺癌ii级,"['(直肠),:直肠溃疡型管状腺癌ii级']"
低分化腺癌,"['(胃大体)镜检为胃中至低分化腺癌,lauren', '中低分化腺癌', '中-低分化腺癌,混合型', '中低分化腺癌伴印戒细胞癌,混合型', '溃疡型低分化腺癌', '残胃低分化腺癌', '(胃大体)镜检为低分化腺癌', '食管胃交界处溃疡型中-低分化腺癌', '胃中至低分化腺癌,lauren', '中至低分化腺癌(lauren,分型:肠型)', '卵巢低分化腺癌', '胃低分化腺癌', '(全胃),:胃体小弯溃疡型低粘附性癌(低分化腺癌)', '(胃)低分化腺癌,(淋巴结)淋巴结转移癌', '胃角低分化腺癌', '胃体后壁溃疡型低分化腺癌伴印戒细胞癌', '(大网膜)纤维脂肪组织内浸润的低分化腺癌', '溃疡型低分化腺癌,伴印戒细胞癌,lauren,分型:弥漫型', '(胃)中低分化腺癌,溃疡型', '胃窦小弯侧溃疡型低分化腺癌', '(结肠)中低分化腺癌', '(左半)结肠溃疡型低分化腺癌', '(胃窦)溃疡型低分化腺癌', '中见低分化腺癌', '淋巴结转移性低分化腺癌', '胃窦小弯侧溃疡型中-低分化腺癌', '胃底、体小弯侧低分化腺癌,部分为印戒细胞癌图像,蕈伞型', '胃窦部溃疡型低分化腺癌', '胃窦小弯侧低分化腺癌,溃疡型', '胃低分化腺癌(t4an3mo,iiic,ln+7/59)', '食管胃交界处溃疡型低分化腺癌', '印戒细胞癌及低分化腺癌', '胃体、胃窦低分化腺癌', '肝转移低分化腺癌', '左上肺低分化腺癌,ct2n2m1,iv期', '胰腺导管低分化腺癌', '胃中至低分化腺癌(lauren分型为混合型)', '全胃低分化腺癌', '转移性低分化腺癌', '胃窦低分化腺癌', '胃角低分化腺癌及印戒细胞癌', '胃低分化腺癌(lauren,分型:弥漫型)', '胃体小弯侧溃疡型低分化腺癌', '胃角溃疡型低黏附性癌(低分化腺癌,部分为印戒细胞癌)', '(远端胃)胃体小弯早期(iic型)低分化腺癌,部分为印戒细胞癌', '(降结肠大体)中至低分化腺癌', '胃小弯弥漫浸润性低分化腺癌', '食管胃交界溃疡型低分化腺癌', '贲门低分化腺癌', '进展期胃癌,中、低分化腺癌及粘液腺癌', '胃低分化腺癌,大部分为印戒细胞癌', '右半结肠溃疡型中低分化腺癌伴粘液腺癌', '肠中至低分化腺癌,部分为粘液腺癌', '中低分化腺癌(dukes叒c期', '升结肠中至低分化腺癌伴粘液腺癌,pt3n1m0,iii期', '(胃窦)低分化腺癌', '胃窦小弯侧低分化腺癌', '肠低分化腺癌(印戒细胞癌)', '低分化腺癌,大部分为粘液腺癌,符合肠腺癌转移', '中至低分化腺癌,部分为粘液腺癌(lauren,分型:混合型)', '盲肠中至低分化腺癌,术后分期为叒pt4bn0m1b,ivb期', '左上肺中至低分化腺癌', '(胃)低分化腺癌', '(胃)低分化腺癌,弥漫浸润型', '中-低分化腺癌,部分为印戒细胞癌,lauren,分型:混合型', '乙状结肠中-低分化腺癌', '回盲部中低分化腺癌,部分伴粘液腺癌分化', 'egj中低分化腺癌伴印戒细胞癌,混合型', '中-低分化腺癌,lauren', '胃窦溃疡型低分化腺癌', '结肠中至低分化腺癌', '胃窦小弯侧溃疡型低分化腺癌伴印戒细胞癌', '胃中至低分化腺癌(lauren,分型:混合型)', '胃体大弯侧溃疡型低分化腺癌', '(左半结肠)中低分化腺癌', '(胃窦体)胃浸润型低分化腺癌', '(盲肠)低分化腺癌(含印戒细胞癌成分)', '(全胃)平坦型低分化腺癌', '(胃角、胃体后壁)低分化腺癌', '胃低分化腺癌术后', '直肠中至低分化腺癌', '胃中至低分化腺癌', '低分化腺癌(大部分胃粘液腺癌)', '中至低分化腺癌,lauren', '盆腔中低分化腺癌', '结肠溃疡型中-低分化腺癌', '胃体及胃窦小弯侧早期隆起型(0-i型)低黏附性癌,印戒细胞癌为主,部分为低分化腺癌及未分化癌', '中至低分化腺癌', '(远端胃)胃角溃疡型低分化腺癌', '卵巢低分化腺癌iiic期', '乙状结肠低分化腺癌', '胃体小弯侧溃疡型低分化腺癌(lauren,分型:弥漫型)', '低分化腺癌,部分为印戒细胞癌', '(食管胃交界腺癌化疗后)食管及胃交界部低分化腺癌', '胃窦部低分化腺癌', '胰头中低分化腺癌', '中-低分化腺癌', '中低分化腺癌部分印戒,混合型', '肠中至低分化腺癌', '升结肠中-低分化腺癌术后叒pt3n1m0iiib期', '胃体小弯溃疡型低分化腺癌']"
子宫平滑肌肉瘤,['子宫平滑肌肉瘤ib期']
骨髓抑制,"['i度骨髓抑制', '骨髓抑制i度', '骨髓抑制ii度', 'ii度骨髓抑制', 'i°骨髓抑制']"
中至低分化腺癌,"['(胃大体)镜检为胃中至低分化腺癌,lauren', '胃中至低分化腺癌,lauren', '中至低分化腺癌(lauren,分型:肠型)', '胃中至低分化腺癌(lauren分型为混合型)', '(降结肠大体)中至低分化腺癌', '肠中至低分化腺癌,部分为粘液腺癌', '升结肠中至低分化腺癌伴粘液腺癌,pt3n1m0,iii期', '中至低分化腺癌,部分为粘液腺癌(lauren,分型:混合型)', '盲肠中至低分化腺癌,术后分期为叒pt4bn0m1b,ivb期', '左上肺中至低分化腺癌', '结肠中至低分化腺癌', '胃中至低分化腺癌(lauren,分型:混合型)', '直肠中至低分化腺癌', '胃中至低分化腺癌', '中至低分化腺癌,lauren', '肠中至低分化腺癌']"
食管鳞癌,['胸下段食管鳞癌']
慢性阻塞性肺疾病,"['慢性阻塞性肺疾病急性加重', '慢性阻塞性肺疾病急性加重期']"
肝转移瘤,['直肠癌肝转移瘤消融术后']
肝占位,['左肝占位']
恶性苗勒氏管混合瘤,['子宫恶性苗勒氏管混合瘤iiia期']
房颤,"['快速房颤', '心房颤动', '房颤伴快速心室率', '快速型房颤', '快速性房颤']"
肝内胆管细胞癌,['右肝内胆管细胞癌术后综合治疗后']
返流性食管炎,"['返流性食管炎,残胃炎']"
胸腔积液,"['心包积液、两侧胸腔积液', '两侧胸腔积液', '左侧胸腔积液', '双侧胸腔积液', '左胸腔积液']"
状下皮高级别下皮内瘤变,"['宫颈及宫颈管部分鳞状下皮高级别下皮内瘤变(ciniii级,', '宫颈及宫颈管鳞状下皮高级别下皮内瘤变', '鳞状下皮高级别下皮内瘤变', '鳞状下皮高级别下皮内瘤变(vainii级)']"
子宫内膜复杂性增生,"['子宫内膜复杂性增生,部分腺体呈高级别下皮内瘤变,部分区域为高分化子宫内膜样腺癌']"
粘液腺癌,"['大肠溃疡型粘液腺癌', '(胰腺)导管粘液腺癌', '直肠腺癌(中低度分化),部分呈粘液腺癌图像,浸润溃疡型', '卵巢粘液腺癌', '壶腹部中分化腺癌,部分为粘液腺癌,,分期为:t3n1m0', '结肠溃疡型粘液腺癌', '中分化腺癌,伴粘液腺癌', '肝曲结肠粘液腺癌侵犯十二指肠及肝门区', '(降结肠)中分化绒毛状管状腺癌,伴部分粘液腺癌及部分印戒细胞癌', '(乙状结肠)腺癌(中度分化,部分为粘液腺癌图像),符合绒毛状管状腺瘤癌变', '进展期胃癌,中、低分化腺癌及粘液腺癌', '印戒细胞癌伴粘液腺癌,弥漫型', '(全子宫+两附件)子宫颈内生浸润型中分化粘液腺癌(宫颈管亚型)', '直肠腺癌(中、低度分化),部分呈粘液腺癌分化,隆起型', '右半结肠溃疡型中低分化腺癌伴粘液腺癌', '肠中至低分化腺癌,部分为粘液腺癌', '(远端胃),:胃窦隆起型粘液腺癌', '升结肠中至低分化腺癌伴粘液腺癌,pt3n1m0,iii期', '低分化腺癌,大部分为粘液腺癌,符合肠腺癌转移', '中至低分化腺癌,部分为粘液腺癌(lauren,分型:混合型)', '(左半结肠)粘液腺癌', '(直肠)粘液腺癌伴印戒细胞癌成分(40%)', '回盲部中低分化腺癌,部分伴粘液腺癌分化', '(直肠)腺癌(中、低度分化,局部伴神经内分泌分化;部分为粘液腺癌,约占30%),叒隆起型', '胰腺中分化腺癌伴粘液腺癌', '胃粘液腺癌,lauren,分型:肠型', '(乙状结肠)粘液腺癌,浸润溃疡型', '(胃)低分化粘液腺癌,溃疡型', '直肠管状粘液腺癌(低分化),浸润溃疡型', '胃体小弯侧浸润型管状腺癌ii-iii级,部分为粘液腺癌和低粘附性癌', '低分化腺癌(大部分胃粘液腺癌)', '胃角溃疡型粘液腺癌(pt4an2m0iiib期)术后', '乙状结肠溃疡型中-低分化管状腺癌(含粘液腺癌成份)', '胃角溃疡型粘液腺癌,部分为印戒细胞癌', '直肠中-低分化管状腺癌(含粘液腺癌成份)', '回盲部浸润型粘液腺癌', '乙状结肠粘液腺癌', '结肠溃疡型中高分化腺癌,部分粘液腺癌']"
心房纤颤,"['快速型心房纤颤', '心房纤颤伴ii°房室传导阻滞', '高血压性心脏病叒心脏扩大叒心房纤颤']"
2型糖尿病,['2型糖尿病糖尿病周围神经病变叒左上肢深静脉血栓形成']
吻合口瘘,['直肠癌术后吻合口瘘']
食管中上段鳞癌,['食管中上段鳞癌叒iv期叒两锁骨下、纵隔淋巴结转移']
肝脏多发转移,"['肝脏多发转移瘤', '直肠癌伴肝脏多发转移']"
胃癌术后,"['胃癌术后多发脑转移', '胃癌术后肝转移', '胃癌术后pt3n2m0', '胃癌术后腹腔转移', '胃癌术后复发', '胃癌术后脑转移叒rtxnxm1叒iv期']"
腹主动脉壁钙化,['胸、腹主动脉壁钙化']
右半结肠癌,['右半结肠癌术后']
肠穿孔,"['小肠穿孔', '乙状结肠穿孔']"
"低分化腺癌,部分为印戒细胞癌","['胃底、体小弯侧低分化腺癌,部分为印戒细胞癌图像,蕈伞型', '胃角溃疡型低黏附性癌(低分化腺癌,部分为印戒细胞癌)', '(远端胃)胃体小弯早期(iic型)低分化腺癌,部分为印戒细胞癌', '中-低分化腺癌,部分为印戒细胞癌,lauren,分型:混合型']"
溃疡型中分化腺癌,"['(乙状结肠)溃疡型中分化腺癌', '食管贲门小弯侧溃疡型中分化腺癌', ':左半结肠)溃疡型中分化腺癌', '直肠溃疡型中分化腺癌', '横结肠结肠溃疡型中分化腺癌', '(右半结肠+部分胃壁),:结肠溃疡型中分化腺癌', '肠溃疡型中分化腺癌', '胃窦溃疡溃疡型中分化腺癌']"
两肺上叶感染,"['肺气肿伴两肺上叶感染', '右肺下叶及两肺上叶感染性病变']"
重度骨质疏松,['重度骨质疏松症']
主动脉钙化,['心脏血管及主动脉钙化']
静脉曲张,"['两侧上肢静脉曲张', '食管静脉曲张', '右上肢静脉曲张', '胃底静脉曲张', '右大隐静脉曲张', '右上肢静脉曲张伴溃疡感染', '轻-中度食管静脉曲张', '轻度食管静脉曲张可能', '左大隐静脉曲张术后', '右上肢大隐静脉曲张', '食管胃底静脉曲张', '门脉高压并胃底-食道上段静脉曲张', '轻度食管静脉曲张']"
慢性胆囊炎,"['(胆囊)慢性胆囊炎并腺肌病', '胆囊结石伴慢性胆囊炎']"
淋巴瘤,"['套细胞淋巴瘤', '非霍奇金淋巴瘤,t细胞性', '非霍奇金淋巴瘤,,弥漫大b细胞型', '弥漫大b细胞淋巴瘤,非gcb亚型', '胃黏膜相关淋巴瘤(ii1b期)', '(左半结肠)大肠回盲部结外粘膜相关淋巴组织边缘区b细胞淋巴瘤(malt)', 'b细胞淋巴瘤', '弥漫大b细胞淋巴瘤回盲部切除术后', '回盲部淋巴瘤术后', '(回盲部)弥漫大b细胞淋巴瘤,非gcb亚型ia期', '胃粘膜相关淋巴瘤', '小肠淋巴瘤', '弥漫大b细胞性淋巴瘤', '弥漫大b细胞淋巴瘤', '慢性淋巴细胞白血病/小细胞淋巴瘤(cll/sll)']"
肾结石,"['左肾结石', '右肾结石', '两肾结石']"
轻度食管静脉曲张,['轻度食管静脉曲张可能']
中-低分化腺癌,"['中-低分化腺癌,混合型', '食管胃交界处溃疡型中-低分化腺癌', '胃窦小弯侧溃疡型中-低分化腺癌', '中-低分化腺癌,部分为印戒细胞癌,lauren,分型:混合型', '乙状结肠中-低分化腺癌', '中-低分化腺癌,lauren', '结肠溃疡型中-低分化腺癌', '升结肠中-低分化腺癌术后叒pt3n1m0iiib期']"
胃溃疡,"['胃溃疡型低分化管状腺癌', '胃角巨大胃溃疡', '胃溃疡(a2期)']"
低分化癌转移,['(隆突上淋巴结)可见低分化癌转移']
中至低分化鳞状细胞癌,"['宫颈中至低分化鳞状细胞癌', '(全子宫)宫颈中至低分化鳞状细胞癌']"
降结肠癌,"['降结肠癌伴肝转移(pt3n2bm1,iv期pmmr,ras野生型)', '降结肠癌伴肝转移', '降结肠癌术后']"
右肝内肝内胆管癌,['右肝内肝内胆管癌术后']
吻合口狭窄,['食管吻合口狭窄']
肺结核,['陈旧性肺结核']
肠梗阻,"['近端结肠梗阻', '升结肠腺癌腹腔多发种植,伴不完全肠梗阻', '不全肠梗阻', '直肠梗阻', '小肠梗阻', '不完全肠梗阻', '小肠、结肠梗阻', '粘连性小肠梗阻', '粘连性肠梗阻', '不全性肠梗阻', '术后肠梗阻', '不完全性肠梗阻']"
肠中至低分化腺癌,"['肠中至低分化腺癌,部分为粘液腺癌', '升结肠中至低分化腺癌伴粘液腺癌,pt3n1m0,iii期', '盲肠中至低分化腺癌,术后分期为叒pt4bn0m1b,ivb期', '结肠中至低分化腺癌', '直肠中至低分化腺癌']"
左上肢深静脉血栓形成,"['急性左上肢深静脉血栓形成伴感染', '2型糖尿病糖尿病周围神经病变叒左上肢深静脉血栓形成']"
高分化内膜样腺癌,['子宫内膜高分化内膜样腺癌iiia期']
肝转移,"['胃癌术后肝转移', '肠腺癌肝转移', '直肠癌并肝转移(ct4n+m1a)', '胃mt肝转移', '(肝结节)肝转移性胰腺实性-假乳头状瘤', '胃癌并肝转移', '直肠癌肝转移瘤消融术后', '降结肠癌伴肝转移(pt3n2bm1,iv期pmmr,ras野生型)', '直肠癌肝转移', '降结肠癌伴肝转移', '肝转移低分化腺癌', '直肠癌肝转移术后化疗后', '直肠癌伴肝转移', '骨、肝转移', '肝转移胰腺实性-假乳头状瘤', '乙状结肠癌肝转移', '直肠下段癌晚期,肝转移', '直肠腺癌肝转移', '肝转移,两上肺转移瘤', '结肠癌肝转移术后', '肝转移术后', '肠癌肝转移', '乙状结肠mt肝转移', '肝s5、6段肝转移', '结肠癌伴肝转移', '乙状结肠腺癌并肝转移', '肝转移瘤', '胆囊癌肝转移', '直肠癌伴肝转移化疗后术后']"
卵巢浆液性乳头状腺癌iiic期,['卵巢浆液性乳头状腺癌iiic期术后']
心衰,"['慢性心衰', '急性右心衰']"
胃角癌,['胃角癌术后']
肠套叠,['左上腹回-回肠套叠']
肺转移瘤,"['肝转移,两上肺转移瘤']"
盲肠癌,"['盲肠癌术后', '盲肠癌(,癌症分期为:t3n3m1)']"
弥漫大b细胞淋巴瘤,"['弥漫大b细胞淋巴瘤,非gcb亚型', '弥漫大b细胞淋巴瘤回盲部切除术后', '(回盲部)弥漫大b细胞淋巴瘤,非gcb亚型ia期']"
胆管癌,"['胆管癌介入治疗后', '肝内胆管癌', '肝细胞性肝癌伴胆管癌栓', '肝门胆管癌', '(肝左叶)叒肝内胆管癌', '右肝内肝内胆管癌术后', '右肝内肝内胆管癌', '肝门部胆管癌']"
幽门梗阻,"['胃癌并幽门梗阻', '胃癌伴幽门梗阻']"
卵巢转移,"['两侧卵巢转移瘤', '结肠癌卵巢转移;结节性甲状腺肿', '结肠ca伴卵巢转移术后', '乙状结肠癌、卵巢转移']"
胃早癌,['胃早癌剥离术后']
腺瘤,"['右附件附件卵巢交界性粘液性囊腺瘤,局灶癌变', '乙状结肠绒毛状腺瘤(ii级)', '(横结肠)绒毛状管状腺瘤,iii级,(乙状结肠)粘膜急慢性炎症', '卵巢囊腺瘤', '(升结肠)管状腺瘤,i级', '管状-绒毛状腺瘤', '(肝曲)肠管状腺瘤', '乙状结肠低级别管状腺瘤', '横结肠增生性腺瘤性息肉', '(横结肠)肠管状腺瘤', '进展期直肠癌,粘液腺瘤及中分化管状腺癌', '绒毛状管状腺瘤', '大肠管状腺瘤下皮呈高级别下皮内瘤变伴癌变', '(乙状结肠)腺癌(中度分化,部分为粘液腺癌图像),符合绒毛状管状腺瘤癌变', '直肠低级别管状腺瘤', '(乙状结肠)腺癌,直肠低级别绒毛管状腺瘤', '大肠管状腺瘤', '肠绒毛状-管状腺瘤', '横结肠增生性腺瘤性息肉叒乙状结肠低级别管状腺瘤', '(结肠肝曲、降结肠)腺管状腺瘤', '(结肠)高级别绒毛管状腺瘤', '低级别腺管状腺瘤', '管状绒毛状腺瘤型息肉', '结肠锯齿状腺瘤', '管状绒毛状腺瘤', '绒毛状腺瘤', '管状腺瘤', '管状腺瘤1-2级', '大肠乳头状管状腺瘤', '乙状结肠腺瘤', '回盲部升结肠腺瘤', '结肠多发绒毛状管状腺瘤', '胃角低级别绒毛状管状腺瘤', '肠管状腺瘤,伴低级别下皮内瘤变', '肠管状腺瘤,伴低级别下皮内瘤变及肠增生性息肉', '结肠腺管状腺瘤']"
"肠管状腺瘤,伴低级别下皮内瘤变","['肠管状腺瘤,伴低级别下皮内瘤变及肠增生性息肉']"
肺癌,"['左侧肺癌', '左上肺癌', '肺癌及肺部感染', '左肺周围型肺癌', '周围型肺肺癌癌', '肺癌伴全身多处转移', '左下肺癌']"
胃恶性肿瘤,['胃恶性肿瘤术后']
胃癌综合治疗后,['残胃癌综合治疗后']
卵巢囊肿,"['右卵巢囊肿', '左卵巢囊肿']"
腺癌,"['(胃大体)镜检为胃中至低分化腺癌,lauren', '中低分化腺癌', '胃管状腺癌术后(pt4an1m0iiia期)', '宫颈腺癌综合治疗后复发', '中-低分化腺癌,混合型', '粘液性囊腺癌', '胃中至低分化管状腺癌(lauren,分型:肠型)', '贲门小弯侧腺癌ii-iii级,lauren混合型', '中低分化腺癌伴印戒细胞癌,混合型', '食管中段腺癌', '直肠腺癌', '升结肠腺癌叒ct3n1m0', '进展期直肠癌:浸润溃疡型,中分化管状腺癌', '溃疡型低分化腺癌', '盲肠腺癌', '直肠腺癌(ct3nxm0)', '残胃低分化腺癌', '肠中分化腺癌', '卵巢浆液性乳头状囊腺癌(iiib期,g1)术后', '肝样腺癌', '升结肠腺癌破裂穿孔致急性弥漫性腹膜炎', '直肠高分化腺癌', '左肺上叶原发腺癌术后', '(胃大体)镜检为低分化腺癌', '进展期左半结肠癌,浸润溃疡性,低-中分化腺癌', '肠腺癌肝转移', '隆起型中分化腺癌', '胃底腺癌', '回盲部腺癌术后', '结肠腺癌(中低分化),浸润溃疡型', '食管胃交界处溃疡型中-低分化腺癌', '直肠中分化腺癌(t4n0m0iib期)', '胃中至低分化腺癌,lauren', '(升结肠)中分化腺癌', '左乳腺癌术后', '中至低分化腺癌(lauren,分型:肠型)', '结肠中至低分化管状腺癌', '卵巢低分化腺癌', '两侧卵巢浆液性乳头状囊腺癌', '直肠中-高分化腺癌', '两侧卵巢中分化浆液性乳头状腺癌', '胃低分化腺癌', '结肠腺癌(中分化)', '结肠隆起型黏液腺癌', '大肠溃疡型粘液腺癌', '(全胃),:胃体小弯溃疡型低粘附性癌(低分化腺癌)', '乙状结肠管状腺癌(t4n0m0)', '降结肠中分化管状腺癌', '(胃)低分化腺癌,(淋巴结)淋巴结转移癌', '(左半结肠)高中分化腺癌', '降结肠中分化腺癌', '胃角低分化腺癌', '(乙状结肠)溃疡型中分化腺癌', '左半结肠回盲部隆起型管状腺癌ii级', '胃体后壁溃疡型低分化腺癌伴印戒细胞癌', '(大网膜)纤维脂肪组织内浸润的低分化腺癌', '十二指肠腺癌术后', '(胰腺)导管粘液腺癌', '食管贲门小弯侧溃疡型中分化腺癌', '宫腔腺癌', '溃疡型低分化腺癌,伴印戒细胞癌,lauren,分型:弥漫型', '直肠腺癌(中、低度分化),隆起型', '(直肠下段),:肠溃疡型管状腺癌ii级', '胃体溃疡型管状腺癌2-3级', '右输卵管输卵管浆液性腺癌iiic期', '胃窦溃疡型低黏附性癌(印戒细胞癌为主,部分为未分化癌及黏液腺癌)', '直肠腺癌(中低度分化),部分呈粘液腺癌图像,浸润溃疡型', '(胃)中低分化腺癌,溃疡型', '卵巢浆液性腺癌', '贲门腺癌ii级', '胃食管结合部腺癌ii型,pt3n3am0,iiib期', '胃体前壁及胃窦溃疡型管状腺癌ii-iii级', '直肠浸润性中分化腺癌术后', '食管胃交界溃疡型管状腺癌ii-iii级', '卵巢粘液腺癌', '直肠腺癌(中低度分化),浸润溃疡型', '(左卵巢)高级别浆液性腺癌', '胃窦小弯侧溃疡型低分化腺癌', '十二指肠乳头中分化腺癌', '结肠溃疡型管状腺癌ii级', '结肠腺癌(中度分化)', '乙状结肠高分化腺癌', '部分管状腺癌', '宫颈腺癌', '胰腺占位:胰腺癌', '(结肠)中低分化腺癌', '(左半)结肠溃疡型低分化腺癌', '壶腹部中分化腺癌,部分为粘液腺癌,,分期为:t3n1m0', '卵巢浆液性乳头状腺癌', '结肠腺癌(中度分化),溃疡型', '管状腺癌ii级', '(胃窦)溃疡型低分化腺癌', '低分化管状腺癌', '子宫中分化子宫内膜样腺癌', '小肠管状腺癌(pt4an0m0iib期)术后', '浆液性腺癌并子宫内膜样腺癌', '直肠中分化腺癌(pt1n0m0)术后两肺转移,iv期', '溃疡型中分化管状腺癌(t3n0m0)', '(直乙交界),:大肠溃疡型管状腺癌ii级', '(左卵巢)中-低分化浆液性乳头状腺癌', '中见低分化腺癌', '升结肠中分化腺癌', ':左半结肠)溃疡型中分化腺癌', '<直肠>腺癌', '淋巴结转移性低分化腺癌', '胃窦小弯侧溃疡型中-低分化腺癌', '胃底、体小弯侧低分化腺癌,部分为印戒细胞癌图像,蕈伞型', '子宫内膜高分化内膜样腺癌iiia期', '卵巢浆液性乳头状腺癌iiic期术后', '胃体腺癌(低分化)', '胃窦部溃疡型低分化腺癌', '前列腺癌', '肠浸润性管状腺癌ii级', '直肠(切除)浸润性中分化腺癌', '左半结肠中分化管状腺癌', '右卵巢粘液性囊腺癌ia期术后', '直肠管状-绒毛状腺癌术后', '胃窦小弯侧低分化腺癌,溃疡型', '大肠隆起型管状-绒毛状腺癌ii级', '管状腺癌ii-iii级', '乙状结肠隆起型中分化腺癌', '小肠隆起型高中分化腺癌', '胃窦腺癌(中低度分化)', '胃低分化腺癌(t4an3mo,iiic,ln+7/59)', '(结肠大体)镜检为中分化腺癌', '(直肠)直肠隆起型管状腺癌ii级', '乳头状-管状腺癌', '结肠溃疡型粘液腺癌', '结肠腺癌', '胰腺囊腺癌', '食管胃交界处溃疡型低分化腺癌', '(胃幽门小弯侧)腺癌(中度分化),浸润溃疡型', '贲门腺癌(中度分化),浸润溃疡型', '左乳腺癌', '(直肠)大肠隆起型管状腺癌ii级', '升结肠腺癌腹腔多发种植,伴不完全肠梗阻', '印戒细胞癌及低分化腺癌', '中分化腺癌,伴粘液腺癌', '胃窦癌:borrmann3型叒浸润深度(se)叒浸润溃疡型,低-中分化腺癌', '(结肠),:大肠隆起型管状腺癌ii级', '卵巢浆液性囊腺癌(中分化)iiic期', '胃溃疡型低分化管状腺癌', '食管胃交界腺癌术后', '卵巢浆液性乳头状囊腺癌', '横结肠腺癌', '前列腺癌gleanson分级iii级', '胃体-胃窦溃疡型管状腺癌ii级', '食管胃交界部腺癌', '胃体、胃窦低分化腺癌', '肝转移低分化腺癌', '两侧卵巢见低分化浆液性腺癌浸润', '胃窦前壁腺癌(低分化)粘液性印戒', '左上肺低分化腺癌,ct2n2m1,iv期', '(直肠)腺癌(中度分化)', '直肠腺癌(pt2n0m0)', '贲门腺癌', '左半结肠腺癌(中度分化),浸润溃疡型', '胰腺癌', '浆液性腺癌', '壶腹部腺癌', '乙状结肠粘液性腺癌(中分化)', '直肠隆起型中分化管状腺癌,小灶区为黏液腺癌', '肠腺癌转移', '胰腺导管低分化腺癌', '胃中至低分化腺癌(lauren分型为混合型)', '全胃低分化腺癌', '转移性低分化腺癌', '肝曲结肠粘液腺癌侵犯十二指肠及肝门区', '肠隆起型管状腺癌ii级', '大肠溃疡型乳头状腺癌ii级', '胃窦低分化腺癌', '胃角低分化腺癌及印戒细胞癌', '胃低分化腺癌(lauren,分型:弥漫型)', '宫体混合型腺癌(80%为ii型透明细胞腺癌,20%为i型子宫内膜样腺癌)', '卵巢腺癌', '进展期乙状结肠癌,溃疡浸润型,中分化腺癌', '乙状结肠溃疡型中分化管状乳头状腺癌', '子宫内膜腺癌诊刮术后', '胃体胃角印戒细胞癌及管状腺癌,弥漫型', '直肠中等分化腺癌', '胃体小弯侧溃疡型低分化腺癌', '胃角溃疡型低黏附性癌(低分化腺癌,部分为印戒细胞癌)', '(远端胃),:胃窦小弯侧溃疡型管状腺癌ii-iii级', '进展期直肠癌,粘液腺瘤及中分化管状腺癌', '子宫内膜样腺癌g2-3', '(远端胃)胃体小弯早期(iic型)低分化腺癌,部分为印戒细胞癌', '直肠溃疡型中分化腺癌', '乙状结肠溃疡型高中分化腺癌伴粘液分泌', '胃体小弯腺癌(中度分化)', '胃窦小弯侧溃疡型管状腺癌ii-iii级', '粘膜腺癌', '大肠溃疡型管状腺癌ii-iii级', '中分化腺癌', '(降结肠大体)中至低分化腺癌', '(直肠),:直肠溃疡型管状腺癌ii级', '胃角溃疡型管状腺癌ii级', '结肠腺癌(中-低度分化),浸润溃疡型', '食管胃交界部腺癌术后', '高-中分化子宫内膜样腺癌', '(降结肠)中分化绒毛状管状腺癌,伴部分粘液腺癌及部分印戒细胞癌', '结肠中分化腺癌', '左肺中央型肺腺癌叒iv期叒纵膈、颈部淋巴结及脑转移', '胃小弯弥漫浸润性低分化腺癌', '食管胃交界溃疡型低分化腺癌', '结肠腺癌并肝多发转移', '乙状结肠中分化腺癌术后ypt0n1m0叒iiia期', '管状腺癌', '乙状结肠浸润性管状腺癌i-ii级', '食管胃交界早期浅表隆起型(0-iia型,肿瘤主体位于胃)管状腺癌ii级,局部为黏液腺癌', '胃体小弯溃疡浸润型管状腺癌', '食管胃交界溃疡型管状腺癌ii', '胃窦部腺癌伴腹腔lnm', '(乙状结肠)腺癌(中度分化,部分为粘液腺癌图像),符合绒毛状管状腺瘤癌变', '胃贲门小弯侧腺癌(中度分化),浸润溃疡型', '贲门低分化腺癌', '胃窦小弯侧溃疡型管状腺癌ii级', '胰头中分化腺癌', '进展期胃癌,中、低分化腺癌及粘液腺癌', '浸润性中分化腺癌', '(直肠)腺癌', '卵巢浆液性囊腺癌(中分化)', '(胃)溃疡型中分化管状腺癌', '印戒细胞癌伴粘液腺癌,弥漫型', '(全子宫+两附件)子宫颈内生浸润型中分化粘液腺癌(宫颈管亚型)', '(乙状结肠)腺癌(中、低度分化)', '降结肠腺癌', '(残胃)胃近贲门处溃疡型管状腺癌ii-iii级', '(远端胃),:胃窦溃疡型黏液腺癌', '(胃窦、幽门)腺癌', '(结肠)腺癌(中度分化),浸润溃疡型', '胃低分化腺癌,大部分为印戒细胞癌', '直肠腺癌(中、低度分化),部分呈粘液腺癌分化,隆起型', '食管胃交界腺癌', '(乙状结肠)腺癌,直肠低级别绒毛管状腺瘤', '宫颈腺癌(ib1期,ii级)术后', '右半结肠溃疡型中低分化腺癌伴粘液腺癌', '(乙状结肠)腺癌', '肠中至低分化腺癌,部分为粘液腺癌', '肠隆起型绒毛状-管状腺癌ii级', '中低分化腺癌(dukes叒c期', '(子宫)中至低分化子宫内膜样腺癌', '(直肠),:肠隆起型中分化管状腺癌', '(远端胃),:胃窦隆起型粘液腺癌', '胃贲门管状腺癌(pt4an2m0iiib期)', '食管胃交界溃疡型管状腺癌iii级,伴神经内分泌分化', '乳头状腺癌', '回盲部腺癌(中、低度分化)', '升结肠中至低分化腺癌伴粘液腺癌,pt3n1m0,iii期', '右半结肠粘液性腺癌(中分化)', '左卵巢中分化浆液性腺癌', '(胃窦)低分化腺癌', '胃窦小弯侧低分化腺癌', '(右卵巢)中-低分化宫内膜样腺癌伴腹膜转移', '胆总管中分化腺癌', '肠低分化腺癌(印戒细胞癌)', '低分化腺癌,大部分为粘液腺癌,符合肠腺癌转移', '溃疡中分化腺癌', '卵巢浆液性腺癌iiic期', '隆起型高中分化腺癌', '中至低分化腺癌,部分为粘液腺癌(lauren,分型:混合型)', '(升结肠)中分化管状腺癌', '食管-胃交界处溃疡型混合型腺神经内分泌癌[腺癌为管状腺癌ii-iii级,神经内分泌肿瘤为g3型(神经内分泌癌)]', '盲肠中至低分化腺癌,术后分期为叒pt4bn0m1b,ivb期', '直肠上段中分化腺癌', '十二指肠中分化腺癌(pt2n0m0)', '直肠腺癌肝转移', '溃疡型乳头状-管状腺癌ii级', '高-中分化腺癌', '左上肺中至低分化腺癌', '(宫腔)子宫内膜样腺癌,g2', '高分化腺癌', '胃体管状腺癌', '高级别浆液性腺癌', '卵巢子宫内膜样腺癌(ii期,i级)术后', '肺腺癌', '(直肠)中分化腺癌,溃疡型', '卵巢高级别浆液性腺癌iiia1(ii)期', '高至中分化腺癌', '(胃)低分化腺癌', '(右附件)卵巢浆液性乳头状囊腺癌', '十二指肠乳头部浸润型管状腺癌ii-iii级', '腺癌(中度分化),浸润型', '(胃)低分化腺癌,弥漫浸润型', '(左半结肠)粘液腺癌', '(直肠)粘液腺癌伴印戒细胞癌成分(40%)', '乙状结肠中分化腺癌', '结肠腺癌(中低度分化)', '(直肠)大肠溃疡型管状腺癌ii级', '(肝左叶)腺癌', '结肠溃疡型中分化管状腺癌', '(左半结肠)结肠隆起型高中分化腺癌', '中-低分化腺癌,部分为印戒细胞癌,lauren,分型:混合型', '左卵巢高级别浆液性乳头状囊腺癌', '左侧淋巴结转移性腺癌', '(降结肠)大肠管状腺癌ii级', '乙状结肠中-低分化腺癌', '乙状结肠腺癌', '回盲部中低分化腺癌,部分伴粘液腺癌分化', '结肠癌(浆膜上层),溃疡型,中分化腺癌,ii级', '直肠溃疡型中分化管状腺癌', '横结肠结肠溃疡型中分化腺癌', '宫颈腺癌ib1期', '(胃大弯、小弯)溃疡型中分化管状腺癌', '直肠隆起型管状腺癌', '肺原发腺癌', 'egj中低分化腺癌伴印戒细胞癌,混合型', '(直肠)腺癌(中、低度分化,局部伴神经内分泌分化;部分为粘液腺癌,约占30%),叒隆起型', '(全子宫+左附件)左卵巢浆液乳头状腺癌,分化ii级', '胰腺中分化腺癌伴粘液腺癌', '大肠溃疡型管状腺癌ii级', '胃腺癌', '胃窦大弯侧腺癌(中-低度分化)', '中-低分化腺癌,lauren', '(胃角)腺癌', '胰腺粘液性囊腺癌', '(结肠)中分化腺癌', '(右半结肠+部分胃壁),:结肠溃疡型中分化腺癌', '(乙状)结肠蕈伞型管状腺癌ii级', '腺癌,kras叒突变型', '两侧卵巢子宫内膜样腺癌', '胰头低分化导管腺癌', '(食管上段+全胃),:食管胃交界浸润型管状腺癌ii级', '(直肠),:直肠溃疡型黏液腺癌', '胃窦溃疡型低分化腺癌', '粘液性乳头状囊腺癌', '网膜浆液性腺癌', '胃粘液腺癌,lauren,分型:肠型', '(贲门)腺癌', '结肠中至低分化腺癌', '大肠隆起型管状腺癌ii级', '肠溃疡型中分化腺癌', '胃窦小弯侧溃疡型低分化腺癌伴印戒细胞癌', '(直肠)溃疡型腺癌,分化iii级', '胃中至低分化腺癌(lauren,分型:混合型)', '胃体大弯侧溃疡型低分化腺癌', '腺癌转移', '结肠肝曲管状腺癌', '低分化浆液性腺癌', '(胃窦)腺癌', '(左半结肠)中低分化腺癌', '(胃窦体)胃浸润型低分化腺癌', '浆液性乳头状囊腺癌', '(盲肠)低分化腺癌(含印戒细胞癌成分)', '胃窦溃疡溃疡型中分化腺癌', '(乙状结肠)粘液腺癌,浸润溃疡型', '进展期胃癌,隆起型,高-中分化管状腺癌', '(全胃)平坦型低分化腺癌', '子宫内膜复杂性增生,部分腺体呈高级别下皮内瘤变,部分区域为高分化子宫内膜样腺癌', '(胃角、胃体后壁)低分化腺癌', '(胃)低分化粘液腺癌,溃疡型', '直肠管状粘液腺癌(低分化),浸润溃疡型', '直肠中分化腺癌', '转移性腺癌', '(直肠)腺癌(中度分化),浸润溃疡型', '胃低分化腺癌术后', '两卵巢腺癌iib期', '(全胃),:胃体溃疡型管状腺癌(ii-iii级)', '甲状腺癌', '胃体小弯侧浸润型管状腺癌ii-iii级,部分为粘液腺癌和低粘附性癌', '直肠中至低分化腺癌', '(升结肠)粘液性腺癌', '胃中至低分化腺癌', '直肠溃疡型中-低分化管状腺癌', '直肠癌(浆膜上层),扁平隆起型,高分化腺癌,i级', '(胃)低-中分化腺癌伴神经内分泌分化,溃疡型', '子宫内膜腺癌i级', '(全胃)胃体下段小弯侧溃疡型管状腺癌i级', '低分化腺癌(大部分胃粘液腺癌)', '大肠溃疡型乳头状-管状腺癌ii级', '直肠癌:隆起型叒中分化管状腺癌', '宫颈腺癌iia1期', '中至低分化腺癌,lauren', '黏液腺癌', '胃角溃疡型粘液腺癌(pt4an2m0iiib期)术后', '浆液性乳头状腺癌', '乙状结肠溃疡型中-低分化管状腺癌(含粘液腺癌成份)', '乙状结肠腺癌并肝转移', '盆腔中低分化腺癌', '结肠溃疡型中-低分化腺癌', '胃窦大弯侧腺癌(中度分化),浸润溃疡型', '直肠腺癌术后', '溃疡性腺癌', '浆液性囊腺癌', '直肠中分化腺癌ypt2n1cm0叒iii期', '(左半结肠),:结肠溃疡型管状腺癌ii级', '胃体及胃窦小弯侧早期隆起型(0-i型)低黏附性癌,印戒细胞癌为主,部分为低分化腺癌及未分化癌', '直肠溃疡型管状腺癌ii级', '低分化腺癌', '左半结肠溃疡型中分化管状乳头状腺癌', '中分化腺癌伴黏液腺癌', '直肠蕈样型中分化管状腺癌', '(远端胃)下皮性恶性肿瘤,部分区为神经内分泌癌(g3,约占肿瘤体积40%);部分为肉瘤样癌(约占肿瘤体积40%);部分为管状腺癌,分化ii级(lauren分型肠型,约占肿瘤组织20%)', '中至低分化腺癌', '卵巢子宫内膜样腺癌i级', '(远端胃)胃角溃疡型低分化腺癌', '卵巢低分化腺癌iiic期', '胃角溃疡型粘液腺癌,部分为印戒细胞癌', '左卵巢腺癌', '(直肠)腺癌(高-中分化)', '结肠肝曲管状腺癌术后', '乙状结肠低分化腺癌', '子宫内膜样腺癌(中分化)', '乙状结肠癌,浸润溃疡型,中分化管状腺癌', '(乙状结肠),:大肠溃疡型管状腺癌ii级', '胃体溃疡型腺癌', '粘液腺癌', '(左附件)卵巢腺癌', '胃体小弯侧溃疡型低分化腺癌(lauren,分型:弥漫型)', '胃管状腺癌ii-iii级', '进展期直肠癌,溃疡浸润型,中分化腺癌,ii级', '(乙状结肠)溃疡型中分化管状腺癌', '胃窦浸润型管状腺癌ii-iii级', '肝s2肿瘤中分化腺癌', '子宫内膜混合型腺癌', '前列腺腺癌', '直肠中-低分化管状腺癌(含粘液腺癌成份)', '乙状结肠:隆起型中分化腺癌', '低分化腺癌,部分为印戒细胞癌', '溃疡型中分化腺癌', '升结肠肠乳头状管状腺癌ii级', '(直肠)溃疡型中分化管状乳头状腺癌', '食管胃交界溃疡型管状腺癌,ii-iii级', '(食管胃交界腺癌化疗后)食管及胃交界部低分化腺癌', '直肠中分化腺癌ducka期', '腺癌pt1n0m0', '(直肠)腺癌(中度分化),隆起型', '胃窦部低分化腺癌', '胰头中低分化腺癌', '中-低分化腺癌', '腺癌pt4an2am0叒iiic期', '直肠腺癌(中度分化),浸润溃疡型', '回盲部浸润型粘液腺癌', '两侧附件浆液性乳头状腺癌ii-iii级', '中低分化腺癌部分印戒,混合型', '胃窦溃疡型管状腺癌ii-iii级,少部分为低粘附性癌(主要为印戒细胞癌)', '肠中至低分化腺癌', '高分化内膜样腺癌', '卵巢浆液性乳头状腺癌iiic期', '乙状结肠粘液腺癌', '肠外生型管状腺癌ii级', '右卵巢中分化子宫内膜样腺癌', '胃隆起型高分化腺癌', '(直肠)溃疡型中分化管状腺癌', '进展期结肠癌:浸润溃疡型,中分化腺癌', '左卵巢浆液性乳头状腺癌', '中分化腺癌。,分期为:pt3n1m1', '甲状腺癌转移', '升结肠中-低分化腺癌术后叒pt3n1m0iiib期', '子宫内膜腺癌ia期术后', '(横结肠)腺癌(中度分化)', '(左半结肠),:结肠隆起型管状腺癌ii级', '胃窦小弯腺癌(中度分化)', '(右半结肠)大肠隆起型管状腺癌ii级', '胃体小弯溃疡型低分化腺癌', '(直肠)中分化腺癌', '结肠溃疡型中高分化腺癌,部分粘液腺癌', '(胃)中分化腺癌', '子宫内膜腺癌iiic期(g3)', '回盲部中分化腺癌', '胃体胃窦交界前壁早期(0-i型)管状腺癌ii级,部分为黏液腺癌', '(结肠)溃疡型腺癌,分化ii级', '子宫内膜样腺癌(中-低分化)', '胃窦中分化腺癌', '胃角腺癌', '(左半结肠)腺癌', '筛状粉刺型腺癌', '肠溃疡型管状腺癌ii级', '胃窦腺癌', '胃窦部腺癌(中、低度分化)']"
结肠肝曲癌,['结肠肝曲癌术后']
腰椎骨质增生,"['胸椎及腰椎骨质增生', '胸椎、腰椎骨质增生']"
胰腺占位,['胰腺占位:胰腺癌']
肝细胞性肝癌,"['左叶肝细胞性肝癌,中分化', '肝细胞性肝癌伴胆管癌栓', '高分化肝细胞性肝癌', '混合性肝细胞癌(肝细胞性肝癌与胆管细胞癌混合)', '中分化肝细胞性肝癌']"
回盲部癌,['回盲部癌术后']
食管下段癌,['食管下段癌术后']
(直肠)中分化腺癌,"['(直肠)中分化腺癌,溃疡型']"
恶性肿瘤,"['左肺上叶近肺门处及左肺上叶后基底段占位性病变,代谢活性增高,考虑恶性肿瘤可能', '(子宫)高级别恶性肿瘤', '食管上段恶性肿瘤', '升结肠恶性肿瘤术后', '胃恶性肿瘤术后', '卵巢生殖细胞恶性肿瘤', '肛管恶性肿瘤', '梭形细胞恶性肿瘤(g2级)', '结肠恶性肿瘤', '肝s5部分恶性肿瘤', '胃底贲门部-胃小弯恶性肿瘤(胃癌?)', '胃底贲门恶性肿瘤', '(宫颈)小圆细胞恶性肿瘤', '(左侧)肾脏伴左两相分化的恶性肿瘤,考虑肾母细胞瘤', '(宫颈)恶性肿瘤', '食管恶性肿瘤esd术后', '升结肠恶性肿瘤', '卵巢恶性肿瘤', '甲状腺原发恶性肿瘤并淋巴结转移', '胆总管上段近胰头恶性肿瘤;胃小弯、胰头周围多发淋巴结转移', '胃底贲门-小弯侧恶性肿瘤', '(远端胃)下皮性恶性肿瘤,部分区为神经内分泌癌(g3,约占肿瘤体积40%);部分为肉瘤样癌(约占肿瘤体积40%);部分为管状腺癌,分化ii级(lauren分型肠型,约占肿瘤组织20%)', '肝恶性肿瘤术后', '恶性肿瘤,食管癌可能大,并右侧锁骨下上、纵膈淋巴结转移', '恶性肿瘤术后化疗', '胃恶性肿瘤', '直肠恶性肿瘤', '壶腹周围恶性肿瘤术后']"
两肺转移,"['直肠中分化腺癌(pt1n0m0)术后两肺转移,iv期', '胆总管癌并两肺转移']"
贲门胃底占位,['贲门胃底占位(恶性可能']
残胃癌,['残胃癌综合治疗后']
左半结肠切除术后,['直肠、左半结肠切除术后']
缺血性心肌病型,['冠状动脉粥样硬化性心脏病叒缺血性心肌病型']
鼻咽癌,"['鼻咽癌并肝、腹腔积腹膜后淋巴结转移', '鼻咽癌治疗后']"
cll/sll,"['cll/sll(rai叒i期)', '慢性淋巴细胞白血病/小细胞淋巴瘤(cll/sll)']"
乙状结肠mt,['乙状结肠mt肝转移']
膀胱癌,"['膀胱癌根治术后', '膀胱癌综合治疗后']"
糖尿病糖尿病酮症酸中毒,['1型糖尿病糖尿病酮症酸中毒']
高血压3级,"['原发性高血压3级叒很高危', '原发性高血压3级极高危', '原发性高血压3级叒极高危', '高血压3级很高危', '原发性高血压3级很高危']"
肠溃疡型管状腺癌ii级,"['(直肠下段),:肠溃疡型管状腺癌ii级', '结肠溃疡型管状腺癌ii级', '(直乙交界),:大肠溃疡型管状腺癌ii级', '(直肠),:直肠溃疡型管状腺癌ii级', '(直肠)大肠溃疡型管状腺癌ii级', '大肠溃疡型管状腺癌ii级', '(左半结肠),:结肠溃疡型管状腺癌ii级', '直肠溃疡型管状腺癌ii级', '(乙状结肠),:大肠溃疡型管状腺癌ii级']"
胃窦腺癌,['胃窦腺癌(中低度分化)']
胃术后,"['近端胃术后,吻合口溃疡,反流行食管炎']"
内膜异位症,['左卵巢子宫内膜异位症']
支气管扩张伴感染,['两上肺支气管扩张伴感染']
"lauren,分型:弥漫型","['溃疡型低分化腺癌,伴印戒细胞癌,lauren,分型:弥漫型', '胃低分化腺癌(lauren,分型:弥漫型)', '印戒细胞癌(lauren,分型:弥漫型)', '胃体小弯侧溃疡型低分化腺癌(lauren,分型:弥漫型)']"
